Player,Nation,Team,Pos,Age,MP,Starts,90s,Gls,Ast,G+A,xG,xAG,npxG,npxG+xAG,PrgC,PrgP,CrdY,CrdR,Gls_90,Ast_90,xG_90,xAG_90,Primary_Pos,Contributions_90,xContributions_90,Performance_vs_xG,Performance_vs_xAG,Minutes_per_Goal,Minutes_per_Assist,Team_Win_Rate,Team_Position,Team_Points
Rodri,ESP,Manchester City,MF,27.0,34,34,32.6,8.0,9.0,17.0,4.1,3.9,4.1,8.0,76.0,376.0,8.0,1.0,0.25,0.28,0.12,0.12,MF,0.53,0.24,3.9,5.1,366.75,326.0,73.68421052631578,1,91
Phil Foden,ENG,Manchester City,"FW,MF",23.0,35,33,31.7,19.0,8.0,27.0,10.3,8.4,10.3,18.700000000000003,93.0,168.0,2.0,0.0,0.6,0.25,0.33,0.26,FW,0.85,0.5900000000000001,8.7,-0.4000000000000003,150.1578947368421,356.625,73.68421052631578,1,91
Ederson,BRA,Manchester City,GK,29.0,33,33,30.9,0.0,0.0,0.0,0.0,0.1,0.0,0.1,0.0,4.0,5.0,0.0,0.0,0.0,0.0,0.0,GK,0.0,0.0,0.0,-0.1,0.0,0.0,73.68421052631578,1,91
Julián Álvarez,ARG,Manchester City,"MF,FW",23.0,36,31,29.4,11.0,8.0,19.0,13.0,6.4,11.5,17.9,64.0,103.0,2.0,0.0,0.37,0.27,0.44,0.22,MF,0.64,0.66,-2.0,1.5999999999999996,240.54545454545453,330.75,73.68421052631578,1,91
Kyle Walker,ENG,Manchester City,DF,33.0,32,30,30.7,0.0,4.0,4.0,0.4,2.6,0.4,3.0,74.0,157.0,2.0,0.0,0.0,0.13,0.01,0.09,DF,0.13,0.0999999999999999,-0.4,1.4,0.0,690.75,73.68421052631578,1,91
Bernardo Silva,POR,Manchester City,"MF,FW",28.0,33,29,28.6,6.0,9.0,15.0,3.7,7.6,3.7,11.3,140.0,177.0,8.0,0.0,0.21,0.31,0.13,0.27,MF,0.52,0.4,2.3,1.4000000000000004,429.0,286.0,73.68421052631578,1,91
Erling Haaland,NOR,Manchester City,FW,23.0,31,29,28.4,27.0,5.0,32.0,29.2,4.3,22.9,27.2,35.0,26.0,1.0,0.0,0.95,0.18,1.03,0.15,FW,1.13,1.18,-2.1999999999999997,0.7000000000000002,94.66666666666669,511.2,73.68421052631578,1,91
Rúben Dias,POR,Manchester City,DF,26.0,30,28,28.4,0.0,0.0,0.0,1.4,0.3,1.4,1.7,34.0,173.0,0.0,0.0,0.0,0.0,0.05,0.01,DF,0.0,0.06,-1.4,-0.3,0.0,0.0,73.68421052631578,1,91
Manuel Akanji,SUI,Manchester City,"DF,MF",28.0,30,28,27.9,2.0,0.0,2.0,1.9,0.5,1.9,2.4,46.0,148.0,4.0,1.0,0.07,0.0,0.07,0.02,DF,0.07,0.09,0.1,-0.5,1255.5,0.0,73.68421052631578,1,91
Joško Gvardiol,CRO,Manchester City,DF,21.0,28,26,25.9,4.0,1.0,5.0,3.1,1.4,3.1,4.5,63.0,136.0,3.0,0.0,0.15,0.04,0.12,0.06,DF,0.19,0.18,0.8999999999999999,-0.3999999999999999,582.75,2331.0,73.68421052631578,1,91
Nathan Aké,NED,Manchester City,DF,28.0,29,24,22.7,2.0,2.0,4.0,2.5,1.2,2.5,3.7,24.0,116.0,0.0,0.0,0.09,0.09,0.11,0.05,DF,0.18,0.16,-0.5,0.8,1021.5,1021.5,73.68421052631578,1,91
Jeremy Doku,BEL,Manchester City,"FW,MF",21.0,29,18,17.7,3.0,8.0,11.0,2.5,4.6,2.5,7.1,218.0,57.0,3.0,0.0,0.17,0.45,0.14,0.26,FW,0.62,0.4,0.5,3.4000000000000004,531.0,199.125,73.68421052631578,1,91
Mateo Kovačić,CRO,Manchester City,MF,29.0,30,16,17.2,1.0,0.0,1.0,1.3,1.6,1.3,2.9000000000000004,37.0,100.0,4.0,0.0,0.06,0.0,0.07,0.09,MF,0.06,0.16,-0.3,-1.6,1548.0,0.0,73.68421052631578,1,91
Kevin De Bruyne,BEL,Manchester City,MF,32.0,18,15,13.6,4.0,10.0,14.0,2.4,11.5,2.4,13.9,47.0,111.0,2.0,0.0,0.29,0.74,0.18,0.85,MF,1.03,1.03,1.6,-1.5,306.0,122.4,73.68421052631578,1,91
John Stones,ENG,Manchester City,"DF,MF",29.0,16,12,11.8,1.0,0.0,1.0,1.0,0.2,1.0,1.2,16.0,57.0,2.0,0.0,0.08,0.0,0.09,0.02,DF,0.08,0.11,0.0,-0.2,1062.0,0.0,73.68421052631578,1,91
Jack Grealish,ENG,Manchester City,"FW,MF",27.0,20,10,11.2,3.0,1.0,4.0,2.1,2.5,2.1,4.6,87.0,50.0,6.0,0.0,0.27,0.09,0.19,0.22,FW,0.36,0.41,0.8999999999999999,-1.5,335.99999999999994,1008.0,73.68421052631578,1,91
Rico Lewis,ENG,Manchester City,"DF,MF",18.0,16,8,9.0,2.0,0.0,2.0,0.6,1.1,0.6,1.7000000000000002,21.0,33.0,1.0,0.0,0.22,0.0,0.07,0.12,DF,0.22,0.19,1.4,-1.1,405.0,0.0,73.68421052631578,1,91
Matheus Nunes,POR,Manchester City,MF,24.0,17,7,7.3,0.0,2.0,2.0,0.8,1.1,0.8,1.9,28.0,34.0,0.0,0.0,0.0,0.27,0.11,0.15,MF,0.27,0.26,-0.8,0.8999999999999999,0.0,328.5,73.68421052631578,1,91
Stefan Ortega,GER,Manchester City,GK,30.0,9,5,7.1,0.0,0.0,0.0,0.0,0.0,0.0,0.0,0.0,0.0,0.0,0.0,0.0,0.0,0.0,0.0,GK,0.0,0.0,0.0,0.0,0.0,0.0,73.68421052631578,1,91
Oscar Bobb,NOR,Manchester City,"FW,MF",20.0,14,2,3.4,1.0,1.0,2.0,1.4,1.2,1.4,2.6,13.0,25.0,0.0,0.0,0.3,0.3,0.41,0.37,FW,0.6,0.78,-0.3999999999999999,-0.1999999999999999,306.0,306.0,73.68421052631578,1,91
Kalvin Phillips,ENG,Manchester City,MF,27.0,4,0,1.0,0.0,0.0,0.0,0.1,0.0,0.1,0.1,7.0,7.0,0.0,0.0,0.0,0.0,0.07,0.0,MF,0.0,0.07,-0.1,0.0,0.0,0.0,73.68421052631578,1,91
Virgil van Dijk,NED,Liverpool,DF,32.0,36,36,35.3,2.0,2.0,4.0,2.8,1.6,2.8,4.4,32.0,200.0,3.0,1.0,0.06,0.06,0.08,0.04,DF,0.12,0.12,-0.7999999999999998,0.3999999999999999,1588.4999999999998,1588.4999999999998,63.1578947368421,3,82
Luis Díaz,COL,Liverpool,FW,26.0,37,32,29.2,8.0,5.0,13.0,11.9,5.7,11.9,17.6,137.0,113.0,3.0,0.0,0.27,0.17,0.41,0.19,FW,0.44,0.6,-3.9,-0.7000000000000002,328.5,525.6,63.1578947368421,3,82
Alexis Mac Allister,ARG,Liverpool,MF,24.0,33,31,28.9,5.0,5.0,10.0,3.7,3.6,2.9,6.5,44.0,209.0,7.0,1.0,0.17,0.17,0.13,0.12,MF,0.34,0.25,1.2999999999999998,1.4,520.2,520.2,63.1578947368421,3,82
Mohamed Salah,EGY,Liverpool,FW,31.0,32,28,28.2,18.0,10.0,28.0,21.2,11.8,15.5,27.3,98.0,147.0,2.0,0.0,0.64,0.36,0.75,0.42,FW,1.0,1.17,-3.1999999999999997,-1.8000000000000007,141.0,253.8,63.1578947368421,3,82
Alisson,BRA,Liverpool,GK,30.0,28,28,28.0,0.0,0.0,0.0,0.0,0.0,0.0,0.0,0.0,5.0,1.0,0.0,0.0,0.0,0.0,0.0,GK,0.0,0.0,0.0,0.0,0.0,0.0,63.1578947368421,3,82
Trent Alexander-Arnold,ENG,Liverpool,DF,24.0,28,25,23.9,3.0,4.0,7.0,2.6,7.2,2.3,9.5,45.0,205.0,6.0,0.0,0.13,0.17,0.11,0.3,DF,0.3,0.41,0.3999999999999999,-3.2,717.0,537.75,63.1578947368421,3,82
Dominik Szoboszlai,HUN,Liverpool,MF,22.0,33,25,23.4,3.0,2.0,5.0,3.7,5.8,3.7,9.5,75.0,152.0,1.0,0.0,0.13,0.09,0.16,0.25,MF,0.22,0.41,-0.7000000000000002,-3.8,702.0,1053.0,63.1578947368421,3,82
Darwin Núñez,URU,Liverpool,FW,24.0,36,22,22.7,11.0,8.0,19.0,16.3,6.0,15.5,21.5,58.0,54.0,9.0,0.0,0.48,0.35,0.72,0.27,FW,0.83,0.99,-5.300000000000001,2.0,185.72727272727272,255.375,63.1578947368421,3,82
Wataru Endo,JPN,Liverpool,MF,30.0,29,20,19.1,1.0,0.0,1.0,0.5,1.7,0.5,2.2,10.0,101.0,10.0,0.0,0.05,0.0,0.03,0.09,MF,0.05,0.12,0.5,-1.7,1719.0000000000002,0.0,63.1578947368421,3,82
Andrew Robertson,SCO,Liverpool,DF,29.0,23,18,18.8,3.0,2.0,5.0,1.9,5.4,1.9,7.300000000000001,63.0,140.0,2.0,0.0,0.16,0.11,0.1,0.29,DF,0.27,0.39,1.1,-3.4000000000000004,564.0,846.0,63.1578947368421,3,82
Joe Gomez,ENG,Liverpool,DF,26.0,32,17,19.8,0.0,1.0,1.0,0.8,1.3,0.8,2.1,44.0,100.0,5.0,0.0,0.0,0.05,0.04,0.07,DF,0.05,0.11,-0.8,-0.3,0.0,1782.0,63.1578947368421,3,82
Cody Gakpo,NED,Liverpool,"FW,MF",24.0,35,17,18.3,8.0,5.0,13.0,9.0,2.9,9.0,11.9,43.0,83.0,1.0,0.0,0.44,0.27,0.49,0.16,FW,0.71,0.65,-1.0,2.1,205.875,329.4,63.1578947368421,3,82
Ibrahima Konaté,FRA,Liverpool,DF,24.0,22,17,17.5,0.0,0.0,0.0,0.7,0.4,0.7,1.1,24.0,118.0,5.0,1.0,0.0,0.0,0.04,0.02,DF,0.0,0.06,-0.7,-0.4,0.0,0.0,63.1578947368421,3,82
Curtis Jones,ENG,Liverpool,MF,22.0,23,14,13.0,1.0,1.0,2.0,2.6,0.7,2.6,3.3,31.0,74.0,3.0,1.0,0.08,0.08,0.2,0.05,MF,0.16,0.25,-1.6,0.3,1170.0,1170.0,63.1578947368421,3,82
Diogo Jota,POR,Liverpool,FW,26.0,21,14,12.7,10.0,3.0,13.0,5.3,3.3,5.3,8.6,54.0,34.0,3.0,1.0,0.79,0.24,0.42,0.26,FW,1.03,0.6799999999999999,4.7,-0.2999999999999998,114.3,381.0,63.1578947368421,3,82
Jarell Quansah,ENG,Liverpool,DF,20.0,17,13,13.2,2.0,0.0,2.0,1.0,0.1,1.0,1.1,13.0,67.0,1.0,0.0,0.15,0.0,0.08,0.01,DF,0.15,0.09,1.0,-0.1,594.0,0.0,63.1578947368421,3,82
Ryan Gravenberch,NED,Liverpool,MF,21.0,26,12,12.5,1.0,0.0,1.0,2.0,0.9,2.0,2.9,39.0,78.0,0.0,0.0,0.08,0.0,0.16,0.07,MF,0.08,0.23,-1.0,-0.9,1125.0,0.0,63.1578947368421,3,82
Harvey Elliott,ENG,Liverpool,"MF,FW",20.0,34,11,15.0,3.0,6.0,9.0,2.7,3.5,2.7,6.2,44.0,128.0,2.0,0.0,0.2,0.4,0.18,0.23,MF,0.6000000000000001,0.41,0.2999999999999998,2.5,450.0,225.0,63.1578947368421,3,82
Caoimhín Kelleher,IRL,Liverpool,GK,24.0,10,10,10.0,0.0,0.0,0.0,0.0,0.0,0.0,0.0,0.0,1.0,0.0,0.0,0.0,0.0,0.0,0.0,GK,0.0,0.0,0.0,0.0,0.0,0.0,63.1578947368421,3,82
Conor Bradley,NIR,Liverpool,DF,20.0,11,10,8.4,1.0,3.0,4.0,0.9,1.5,0.9,2.4,35.0,29.0,2.0,0.0,0.12,0.36,0.1,0.17,DF,0.48,0.27,0.0999999999999999,1.5,756.0,252.0,63.1578947368421,3,82
Joël Matip,CMR,Liverpool,DF,31.0,10,9,8.7,0.0,0.0,0.0,0.5,0.1,0.5,0.6,8.0,34.0,2.0,0.0,0.0,0.0,0.06,0.01,DF,0.0,0.0699999999999999,-0.5,-0.1,0.0,0.0,63.1578947368421,3,82
Kostas Tsimikas,GRE,Liverpool,DF,27.0,13,8,7.5,0.0,3.0,3.0,0.1,1.0,0.1,1.1,24.0,31.0,0.0,0.0,0.0,0.4,0.01,0.14,DF,0.4,0.15,-0.1,2.0,0.0,225.0,63.1578947368421,3,82
Bobby Clark,ENG,Liverpool,MF,18.0,5,1,1.0,0.0,0.0,0.0,0.1,0.0,0.1,0.1,3.0,3.0,0.0,0.0,0.0,0.0,0.14,0.0,MF,0.0,0.14,-0.1,0.0,0.0,0.0,63.1578947368421,3,82
William Saliba,FRA,Arsenal,DF,22.0,38,38,38.0,2.0,1.0,3.0,1.6,0.2,1.6,1.8,16.0,157.0,4.0,0.0,0.05,0.03,0.04,0.01,DF,0.08,0.05,0.3999999999999999,0.8,1710.0,3420.0,73.68421052631578,2,89
Declan Rice,ENG,Arsenal,MF,24.0,38,37,35.8,7.0,8.0,15.0,3.3,5.3,3.3,8.6,75.0,278.0,5.0,0.0,0.2,0.22,0.09,0.15,MF,0.42,0.24,3.7,2.7,460.2857142857142,402.75,73.68421052631578,2,89
Martin Ødegaard,NOR,Arsenal,MF,24.0,35,35,34.3,8.0,10.0,18.0,7.4,9.6,5.8,15.4,91.0,344.0,2.0,0.0,0.23,0.29,0.22,0.28,MF,0.52,0.5,0.5999999999999996,0.4000000000000003,385.875,308.69999999999993,73.68421052631578,2,89
Ben White,ENG,Arsenal,DF,25.0,37,35,33.2,4.0,4.0,8.0,1.2,3.8,1.2,5.0,44.0,192.0,8.0,0.0,0.12,0.12,0.03,0.11,DF,0.24,0.14,2.8,0.2000000000000001,747.0000000000001,747.0000000000001,73.68421052631578,2,89
Bukayo Saka,ENG,Arsenal,FW,21.0,35,35,32.4,16.0,9.0,25.0,15.5,10.5,10.8,21.3,155.0,126.0,4.0,0.0,0.49,0.28,0.48,0.32,FW,0.77,0.8,0.5,-1.5,182.25,324.0,73.68421052631578,2,89
Gabriel Magalhães,BRA,Arsenal,DF,25.0,36,34,33.8,4.0,0.0,4.0,4.3,0.7,4.3,5.0,13.0,117.0,4.0,0.0,0.12,0.0,0.13,0.02,DF,0.12,0.15,-0.2999999999999998,-0.7,760.4999999999999,0.0,73.68421052631578,2,89
David Raya,ESP,Arsenal,GK,27.0,32,32,32.0,0.0,0.0,0.0,0.0,0.0,0.0,0.0,0.0,2.0,2.0,0.0,0.0,0.0,0.0,0.0,GK,0.0,0.0,0.0,0.0,0.0,0.0,73.68421052631578,2,89
Kai Havertz,GER,Arsenal,"MF,FW",24.0,37,30,29.3,13.0,7.0,20.0,12.3,4.4,11.6,16.0,55.0,99.0,11.0,0.0,0.44,0.24,0.42,0.15,MF,0.6799999999999999,0.57,0.6999999999999993,2.6,202.84615384615384,376.7142857142857,73.68421052631578,2,89
Gabriel Martinelli,BRA,Arsenal,FW,22.0,35,24,22.4,6.0,4.0,10.0,6.8,6.1,6.8,12.9,127.0,65.0,1.0,0.0,0.27,0.18,0.31,0.27,FW,0.45,0.5800000000000001,-0.7999999999999998,-2.1,335.99999999999994,504.0,73.68421052631578,2,89
Oleksandr Zinchenko,UKR,Arsenal,DF,26.0,27,20,19.1,1.0,2.0,3.0,0.6,2.5,0.6,3.1,40.0,229.0,2.0,0.0,0.05,0.1,0.03,0.13,DF,0.15,0.16,0.4,-0.5,1719.0000000000002,859.5000000000001,73.68421052631578,2,89
Leandro Trossard,BEL,Arsenal,"FW,MF",28.0,34,18,18.3,12.0,1.0,13.0,7.9,2.8,7.9,10.7,66.0,76.0,2.0,0.0,0.65,0.05,0.43,0.15,FW,0.7000000000000001,0.58,4.1,-1.7999999999999998,137.25,1647.0,73.68421052631578,2,89
Gabriel Jesus,BRA,Arsenal,FW,26.0,27,17,16.4,4.0,5.0,9.0,6.3,3.8,6.3,10.1,38.0,42.0,6.0,0.0,0.24,0.3,0.39,0.23,FW,0.54,0.62,-2.3,1.2000000000000002,369.0,295.19999999999993,73.68421052631578,2,89
Jakub Kiwior,POL,Arsenal,DF,23.0,20,11,10.5,1.0,3.0,4.0,0.8,0.9,0.8,1.7000000000000002,4.0,55.0,1.0,0.0,0.1,0.29,0.08,0.09,DF,0.39,0.1699999999999999,0.1999999999999999,2.1,945.0,315.0,73.68421052631578,2,89
Takehiro Tomiyasu,JPN,Arsenal,DF,24.0,22,10,12.8,2.0,1.0,3.0,1.5,0.4,1.5,1.9,17.0,72.0,2.0,1.0,0.16,0.08,0.12,0.03,DF,0.24,0.15,0.5,0.6,576.0,1152.0,73.68421052631578,2,89
Eddie Nketiah,ENG,Arsenal,FW,24.0,27,10,12.0,5.0,2.0,7.0,4.5,0.8,4.5,5.3,22.0,20.0,3.0,0.0,0.42,0.17,0.38,0.07,FW,0.59,0.45,0.5,1.2,216.0,540.0,73.68421052631578,2,89
Jorginho,ITA,Arsenal,MF,31.0,24,10,10.2,0.0,2.0,2.0,0.1,1.4,0.1,1.5,8.0,101.0,1.0,0.0,0.0,0.2,0.01,0.13,MF,0.2,0.14,-0.1,0.6000000000000001,0.0,459.0,73.68421052631578,2,89
Thomas Partey,GHA,Arsenal,"MF,DF",30.0,14,9,8.8,0.0,0.0,0.0,0.4,0.3,0.4,0.7,15.0,72.0,3.0,0.0,0.0,0.0,0.05,0.03,MF,0.0,0.08,-0.4,-0.3,0.0,0.0,73.68421052631578,2,89
Aaron Ramsdale,ENG,Arsenal,GK,25.0,6,6,6.0,0.0,0.0,0.0,0.0,0.0,0.0,0.0,0.0,2.0,0.0,0.0,0.0,0.0,0.0,0.0,GK,0.0,0.0,0.0,0.0,0.0,0.0,73.68421052631578,2,89
Emile Smith Rowe,ENG,Arsenal,MF,23.0,13,3,3.9,0.0,1.0,1.0,2.0,0.2,2.0,2.2,11.0,23.0,0.0,0.0,0.0,0.25,0.5,0.06,MF,0.25,0.56,-2.0,0.8,0.0,351.0,73.68421052631578,2,89
Fabio Vieira,POR,Arsenal,"MF,FW",23.0,11,2,3.3,1.0,2.0,3.0,1.3,1.6,0.5,2.1,12.0,15.0,0.0,1.0,0.3,0.61,0.38,0.49,MF,0.91,0.87,-0.3,0.3999999999999999,297.0,148.5,73.68421052631578,2,89
Reiss Nelson,ENG,Arsenal,FW,23.0,15,1,3.0,0.0,0.0,0.0,0.2,0.6,0.2,0.8,9.0,5.0,1.0,0.0,0.0,0.0,0.07,0.2,FW,0.0,0.27,-0.2,-0.6,0.0,0.0,73.68421052631578,2,89
Conor Gallagher,ENG,Chelsea,MF,23.0,37,37,34.8,5.0,7.0,12.0,4.2,5.0,4.2,9.2,62.0,172.0,9.0,1.0,0.14,0.2,0.12,0.15,MF,0.34,0.27,0.7999999999999998,2.0,626.3999999999999,447.4285714285714,47.368421052631575,6,63
Moisés Caicedo,ECU,Chelsea,MF,21.0,35,33,31.8,1.0,3.0,4.0,0.4,2.6,0.4,3.0,27.0,173.0,11.0,0.0,0.03,0.09,0.01,0.08,MF,0.12,0.09,0.6,0.3999999999999999,2862.0,954.0,47.368421052631575,6,63
Nicolas Jackson,SEN,Chelsea,FW,22.0,35,31,31.1,14.0,5.0,19.0,18.6,4.3,18.6,22.9,70.0,67.0,10.0,0.0,0.45,0.16,0.6,0.14,FW,0.61,0.74,-4.600000000000001,0.7000000000000002,199.92857142857144,559.8,47.368421052631575,6,63
Cole Palmer,ENG,Chelsea,"FW,MF",21.0,33,29,29.0,22.0,11.0,33.0,18.2,11.1,11.1,22.2,117.0,197.0,7.0,0.0,0.76,0.38,0.63,0.38,FW,1.14,1.01,3.8000000000000007,-0.0999999999999996,118.63636363636364,237.27272727272728,47.368421052631575,6,63
Axel Disasi,FRA,Chelsea,DF,25.0,31,29,28.7,2.0,0.0,2.0,2.4,0.3,2.4,2.7,30.0,112.0,6.0,0.0,0.07,0.0,0.08,0.01,DF,0.07,0.09,-0.3999999999999999,-0.3,1291.5,0.0,47.368421052631575,6,63
Thiago Silva,BRA,Chelsea,DF,38.0,31,28,28.1,3.0,1.0,4.0,0.8,1.0,0.8,1.8,2.0,102.0,4.0,0.0,0.11,0.04,0.03,0.04,DF,0.15,0.07,2.2,0.0,843.0,2529.0,47.368421052631575,6,63
Enzo Fernández,ARG,Chelsea,MF,22.0,28,26,24.5,3.0,2.0,5.0,6.2,3.4,4.6,8.0,52.0,210.0,7.0,0.0,0.12,0.08,0.25,0.14,MF,0.2,0.39,-3.2,-1.4,735.0,1102.5,47.368421052631575,6,63
Đorđe Petrović,SRB,Chelsea,GK,23.0,23,22,22.1,0.0,0.0,0.0,0.0,0.0,0.0,0.0,0.0,1.0,2.0,0.0,0.0,0.0,0.0,0.0,GK,0.0,0.0,0.0,0.0,0.0,0.0,47.368421052631575,6,63
Raheem Sterling,ENG,Chelsea,"FW,MF",28.0,31,22,22.0,8.0,4.0,12.0,6.5,4.5,6.5,11.0,120.0,78.0,7.0,0.0,0.36,0.18,0.29,0.2,FW,0.54,0.49,1.5,-0.5,247.5,495.0,47.368421052631575,6,63
Levi Colwill,ENG,Chelsea,DF,20.0,23,20,20.0,1.0,1.0,2.0,1.3,1.2,1.3,2.5,23.0,73.0,2.0,0.0,0.05,0.05,0.06,0.06,DF,0.1,0.12,-0.3,-0.1999999999999999,1800.0,1800.0,47.368421052631575,6,63
Marc Cucurella,ESP,Chelsea,DF,25.0,21,20,19.8,0.0,2.0,2.0,1.1,1.1,1.1,2.2,31.0,50.0,10.0,0.0,0.0,0.1,0.06,0.05,DF,0.1,0.11,-1.1,0.8999999999999999,0.0,891.0,47.368421052631575,6,63
Malo Gusto,FRA,Chelsea,DF,20.0,27,19,19.5,0.0,6.0,6.0,0.9,4.3,0.9,5.2,78.0,86.0,7.0,1.0,0.0,0.31,0.05,0.22,DF,0.31,0.27,-0.9,1.7000000000000002,0.0,292.5,47.368421052631575,6,63
Mykhailo Mudryk,UKR,Chelsea,FW,22.0,31,18,17.5,5.0,2.0,7.0,4.4,4.1,4.4,8.5,92.0,45.0,5.0,0.0,0.29,0.11,0.25,0.23,FW,0.3999999999999999,0.48,0.5999999999999996,-2.1,315.0,787.5,47.368421052631575,6,63
Robert Sánchez,ESP,Chelsea,GK,25.0,16,16,15.9,0.0,0.0,0.0,0.0,0.0,0.0,0.0,0.0,1.0,2.0,0.0,0.0,0.0,0.0,0.0,GK,0.0,0.0,0.0,0.0,0.0,0.0,47.368421052631575,6,63
Benoît Badiashile,FRA,Chelsea,DF,22.0,18,15,14.9,0.0,1.0,1.0,0.3,1.5,0.3,1.8,3.0,46.0,3.0,0.0,0.0,0.07,0.02,0.1,DF,0.07,0.12,-0.3,-0.5,0.0,1341.0,47.368421052631575,6,63
Noni Madueke,ENG,Chelsea,FW,21.0,23,13,11.7,5.0,2.0,7.0,2.5,2.6,1.7,4.3,76.0,52.0,2.0,0.0,0.43,0.17,0.21,0.23,FW,0.6,0.44,2.5,-0.6000000000000001,210.6,526.5,47.368421052631575,6,63
Trevoh Chalobah,ENG,Chelsea,DF,24.0,13,10,10.6,1.0,0.0,1.0,0.2,0.1,0.2,0.3,5.0,31.0,1.0,0.0,0.09,0.0,0.02,0.01,DF,0.09,0.03,0.8,-0.1,954.0,0.0,47.368421052631575,6,63
Ben Chilwell,ENG,Chelsea,DF,26.0,13,9,8.4,0.0,1.0,1.0,1.2,2.2,1.2,3.4000000000000004,22.0,25.0,5.0,0.0,0.0,0.12,0.14,0.26,DF,0.12,0.4,-1.2,-1.2000000000000002,0.0,756.0,47.368421052631575,6,63
Armando Broja,ALB,Chelsea,FW,21.0,13,6,5.0,1.0,0.0,1.0,2.4,0.2,2.4,2.6,11.0,6.0,0.0,0.0,0.2,0.0,0.47,0.03,FW,0.2,0.5,-1.4,-0.2,450.0,0.0,47.368421052631575,6,63
Reece James,ENG,Chelsea,DF,23.0,10,5,4.7,0.0,2.0,2.0,0.3,1.7,0.3,2.0,19.0,21.0,2.0,2.0,0.0,0.43,0.07,0.37,DF,0.43,0.44,-0.3,0.3,0.0,211.5,47.368421052631575,6,63
Lesley Ugochukwu,FRA,Chelsea,MF,19.0,12,3,3.3,0.0,0.0,0.0,0.0,0.1,0.0,0.1,8.0,17.0,2.0,0.0,0.0,0.0,0.0,0.03,MF,0.0,0.03,0.0,-0.1,0.0,0.0,47.368421052631575,6,63
Christopher Nkunku,FRA,Chelsea,"FW,MF",25.0,11,2,4.9,3.0,0.0,3.0,2.3,0.2,2.3,2.5,10.0,19.0,0.0,0.0,0.61,0.0,0.47,0.05,FW,0.61,0.52,0.7000000000000002,-0.2,147.00000000000003,0.0,47.368421052631575,6,63
Carney Chukwuemeka,ENG,Chelsea,"MF,FW",19.0,9,2,2.5,1.0,1.0,2.0,0.2,0.3,0.2,0.5,4.0,12.0,2.0,0.0,0.4,0.4,0.06,0.13,MF,0.8,0.19,0.8,0.7,225.0,225.0,47.368421052631575,6,63
Alfie Gilchrist,ENG,Chelsea,DF,19.0,11,2,2.3,1.0,0.0,1.0,0.3,0.0,0.3,0.3,1.0,7.0,1.0,0.0,0.43,0.0,0.14,0.0,DF,0.43,0.14,0.7,0.0,207.0,0.0,47.368421052631575,6,63
Ian Maatsen,NED,Chelsea,"FW,MF",21.0,12,1,2.3,0.0,0.0,0.0,0.8,0.1,0.8,0.9,9.0,8.0,1.0,0.0,0.0,0.0,0.35,0.04,FW,0.0,0.3899999999999999,-0.8,-0.1,0.0,0.0,47.368421052631575,6,63
Bruno Guimarães,BRA,Newcastle United,MF,25.0,37,37,36.3,7.0,8.0,15.0,4.8,6.4,4.8,11.2,65.0,283.0,9.0,0.0,0.19,0.22,0.13,0.18,MF,0.41,0.31,2.2,1.5999999999999996,466.71428571428567,408.375,47.368421052631575,7,60
Fabian Schär,SUI,Newcastle United,DF,31.0,36,35,33.9,4.0,1.0,5.0,2.5,0.7,2.5,3.2,28.0,133.0,5.0,0.0,0.12,0.03,0.07,0.02,DF,0.15,0.09,1.5,0.3,762.75,3051.0,47.368421052631575,7,60
Anthony Gordon,ENG,Newcastle United,FW,22.0,35,34,32.1,11.0,10.0,21.0,10.2,8.0,9.4,17.4,138.0,101.0,12.0,1.0,0.34,0.31,0.32,0.25,FW,0.65,0.5700000000000001,0.8000000000000007,2.0,262.6363636363636,288.9,47.368421052631575,7,60
Dan Burn,ENG,Newcastle United,DF,31.0,33,32,30.3,2.0,2.0,4.0,3.1,1.1,3.1,4.2,14.0,75.0,4.0,0.0,0.07,0.07,0.1,0.04,DF,0.14,0.14,-1.1,0.8999999999999999,1363.5,1363.5,47.368421052631575,7,60
Sean Longstaff,ENG,Newcastle United,MF,25.0,35,30,30.5,6.0,2.0,8.0,6.6,2.3,6.6,8.899999999999999,24.0,145.0,7.0,0.0,0.2,0.07,0.22,0.07,MF,0.27,0.29,-0.5999999999999996,-0.2999999999999998,457.5,1372.5,47.368421052631575,7,60
Alexander Isak,SWE,Newcastle United,FW,23.0,30,27,25.1,21.0,2.0,23.0,20.3,3.7,15.6,19.3,68.0,71.0,1.0,0.0,0.84,0.08,0.81,0.15,FW,0.92,0.96,0.6999999999999993,-1.7000000000000002,107.57142857142856,1129.5,47.368421052631575,7,60
Kieran Trippier,ENG,Newcastle United,DF,32.0,28,26,24.8,1.0,10.0,11.0,0.7,7.5,0.7,8.2,34.0,157.0,5.0,0.0,0.04,0.4,0.03,0.3,DF,0.44,0.3299999999999999,0.3,2.5,2232.0,223.2,47.368421052631575,7,60
Miguel Almirón,PAR,Newcastle United,FW,29.0,33,23,21.5,3.0,1.0,4.0,4.5,2.6,4.5,7.1,78.0,78.0,2.0,0.0,0.14,0.05,0.21,0.12,FW,0.19,0.3299999999999999,-1.5,-1.6,645.0,1935.0,47.368421052631575,7,60
Martin Dúbravka,SVK,Newcastle United,GK,34.0,23,22,22.1,0.0,0.0,0.0,0.0,0.1,0.0,0.1,0.0,0.0,1.0,0.0,0.0,0.0,0.0,0.0,GK,0.0,0.0,0.0,-0.1,0.0,0.0,47.368421052631575,7,60
Sven Botman,NED,Newcastle United,DF,23.0,17,15,15.3,2.0,2.0,4.0,0.6,1.0,0.6,1.6,0.0,35.0,2.0,0.0,0.13,0.13,0.04,0.07,DF,0.26,0.11,1.4,1.0,688.5,688.5,47.368421052631575,7,60
Nick Pope,ENG,Newcastle United,GK,31.0,15,15,14.9,0.0,0.0,0.0,0.0,0.0,0.0,0.0,0.0,0.0,1.0,0.0,0.0,0.0,0.0,0.0,GK,0.0,0.0,0.0,0.0,0.0,0.0,47.368421052631575,7,60
Joelinton,BRA,Newcastle United,"MF,FW",26.0,20,15,14.2,2.0,1.0,3.0,3.1,2.8,3.1,5.9,29.0,56.0,6.0,0.0,0.14,0.07,0.22,0.2,MF,0.21,0.42,-1.1,-1.7999999999999998,639.0,1278.0,47.368421052631575,7,60
Lewis Miley,ENG,Newcastle United,MF,17.0,17,14,13.4,1.0,3.0,4.0,1.2,1.7,1.2,2.9,14.0,53.0,1.0,0.0,0.07,0.22,0.09,0.13,MF,0.29,0.22,-0.1999999999999999,1.3,1206.0,402.0,47.368421052631575,7,60
Jacob Murphy,ENG,Newcastle United,"FW,DF",28.0,21,14,13.2,3.0,7.0,10.0,2.1,5.0,2.1,7.1,33.0,52.0,1.0,0.0,0.23,0.53,0.16,0.37,FW,0.76,0.53,0.8999999999999999,2.0,396.0,169.71428571428572,47.368421052631575,7,60
Jamaal Lascelles,ENG,Newcastle United,DF,29.0,16,13,12.0,1.0,0.0,1.0,0.7,0.1,0.7,0.7999999999999999,8.0,31.0,4.0,0.0,0.08,0.0,0.06,0.01,DF,0.08,0.0699999999999999,0.3,-0.1,1080.0,0.0,47.368421052631575,7,60
Valentino Livramento,ENG,Newcastle United,DF,20.0,26,12,14.6,1.0,0.0,1.0,0.4,0.8,0.4,1.2000000000000002,44.0,61.0,1.0,0.0,0.07,0.0,0.03,0.05,DF,0.07,0.08,0.6,-0.8,1314.0,0.0,47.368421052631575,7,60
Elliot Anderson,SCO,Newcastle United,"MF,FW",20.0,21,10,11.4,0.0,2.0,2.0,1.5,1.9,1.5,3.4,37.0,57.0,3.0,0.0,0.0,0.18,0.13,0.17,MF,0.18,0.3,-1.5,0.1,0.0,513.0,47.368421052631575,7,60
Callum Wilson,ENG,Newcastle United,FW,31.0,20,9,11.0,9.0,1.0,10.0,8.8,0.6,7.2,7.8,11.0,9.0,3.0,0.0,0.82,0.09,0.8,0.05,FW,0.91,0.8500000000000001,0.1999999999999993,0.4,110.0,990.0,47.368421052631575,7,60
Emil Krafth,SWE,Newcastle United,DF,28.0,17,8,10.1,0.0,0.0,0.0,0.2,1.0,0.2,1.2,12.0,29.0,2.0,0.0,0.0,0.0,0.02,0.1,DF,0.0,0.12,-0.2,-1.0,0.0,0.0,47.368421052631575,7,60
Lewis Hall,ENG,Newcastle United,DF,18.0,18,8,8.7,1.0,0.0,1.0,0.3,0.3,0.3,0.6,19.0,46.0,2.0,0.0,0.12,0.0,0.04,0.03,DF,0.12,0.07,0.7,-0.3,782.9999999999999,0.0,47.368421052631575,7,60
Harvey Barnes,ENG,Newcastle United,"FW,MF",25.0,21,7,8.9,5.0,3.0,8.0,3.6,3.2,3.6,6.800000000000001,45.0,34.0,2.0,0.0,0.56,0.34,0.4,0.36,FW,0.9000000000000001,0.76,1.4,-0.2000000000000001,160.2,267.0,47.368421052631575,7,60
Sandro Tonali,ITA,Newcastle United,MF,23.0,8,5,4.9,1.0,0.0,1.0,0.7,0.6,0.7,1.2999999999999998,11.0,19.0,2.0,0.0,0.21,0.0,0.13,0.13,MF,0.21,0.26,0.3,-0.6,441.00000000000006,0.0,47.368421052631575,7,60
Joe Willock,ENG,Newcastle United,MF,23.0,9,5,4.7,1.0,0.0,1.0,0.8,0.6,0.8,1.4,16.0,17.0,0.0,0.0,0.21,0.0,0.17,0.12,MF,0.21,0.29,0.1999999999999999,-0.6,423.0,0.0,47.368421052631575,7,60
Loris Karius,GER,Newcastle United,GK,30.0,1,1,1.0,0.0,0.0,0.0,0.0,0.0,0.0,0.0,0.0,0.0,0.0,0.0,0.0,0.0,0.0,0.0,GK,0.0,0.0,0.0,0.0,0.0,0.0,47.368421052631575,7,60
Matt Ritchie,SCO,Newcastle United,"FW,MF",33.0,13,0,1.4,1.0,0.0,1.0,1.0,0.0,1.0,1.0,5.0,8.0,1.0,0.0,0.7,0.0,0.68,0.0,FW,0.7,0.68,0.0,0.0,126.0,0.0,47.368421052631575,7,60
Guglielmo Vicario,ITA,Tottenham Hotspur,GK,26.0,38,38,38.0,0.0,0.0,0.0,0.0,0.0,0.0,0.0,0.0,3.0,2.0,0.0,0.0,0.0,0.0,0.0,GK,0.0,0.0,0.0,0.0,0.0,0.0,52.63157894736842,5,66
Pedro Porro,ESP,Tottenham Hotspur,DF,23.0,35,35,34.3,3.0,7.0,10.0,2.9,7.2,2.9,10.1,57.0,194.0,3.0,0.0,0.09,0.2,0.09,0.21,DF,0.29,0.3,0.1,-0.2000000000000001,1028.9999999999998,441.0,52.63157894736842,5,66
Son Heung-min,KOR,Tottenham Hotspur,FW,31.0,35,34,32.6,17.0,10.0,27.0,12.0,11.8,10.4,22.200000000000003,119.0,139.0,1.0,0.0,0.52,0.31,0.37,0.36,FW,0.8300000000000001,0.73,5.0,-1.8000000000000007,172.58823529411765,293.4,52.63157894736842,5,66
Cristian Romero,ARG,Tottenham Hotspur,DF,25.0,33,33,31.0,5.0,0.0,5.0,3.5,0.4,3.5,3.9,32.0,179.0,7.0,1.0,0.16,0.0,0.11,0.01,DF,0.16,0.12,1.5,-0.4,558.0,0.0,52.63157894736842,5,66
Dejan Kulusevski,SWE,Tottenham Hotspur,"FW,MF",23.0,36,31,30.7,8.0,3.0,11.0,4.7,7.7,4.7,12.4,151.0,144.0,7.0,0.0,0.26,0.1,0.15,0.25,FW,0.36,0.4,3.3,-4.7,345.375,921.0,52.63157894736842,5,66
Destiny Udogie,ITA,Tottenham Hotspur,DF,20.0,28,28,26.6,2.0,3.0,5.0,2.4,2.2,2.4,4.6,83.0,155.0,7.0,1.0,0.08,0.11,0.09,0.08,DF,0.19,0.1699999999999999,-0.3999999999999999,0.7999999999999998,1197.0,798.0,52.63157894736842,5,66
Micky van de Ven,NED,Tottenham Hotspur,DF,22.0,27,27,26.0,3.0,0.0,3.0,0.6,0.0,0.6,0.6,19.0,108.0,5.0,0.0,0.12,0.0,0.02,0.0,DF,0.12,0.02,2.4,0.0,780.0,0.0,52.63157894736842,5,66
Pape Matar Sarr,SEN,Tottenham Hotspur,MF,20.0,34,27,23.0,3.0,3.0,6.0,3.4,2.2,3.4,5.6,43.0,150.0,9.0,0.0,0.13,0.13,0.15,0.1,MF,0.26,0.25,-0.3999999999999999,0.7999999999999998,690.0,690.0,52.63157894736842,5,66
James Maddison,ENG,Tottenham Hotspur,MF,26.0,28,26,23.7,4.0,9.0,13.0,6.4,5.9,6.4,12.3,58.0,224.0,5.0,0.0,0.17,0.38,0.27,0.25,MF,0.55,0.52,-2.4000000000000004,3.1,533.25,237.0,52.63157894736842,5,66
Yves Bissouma,MLI,Tottenham Hotspur,MF,26.0,28,26,23.0,0.0,0.0,0.0,1.4,0.4,1.4,1.7999999999999998,43.0,169.0,10.0,2.0,0.0,0.0,0.06,0.02,MF,0.0,0.08,-1.4,-0.4,0.0,0.0,52.63157894736842,5,66
Brennan Johnson,WAL,Tottenham Hotspur,FW,22.0,32,23,23.2,5.0,10.0,15.0,10.3,8.1,10.3,18.4,97.0,72.0,3.0,0.0,0.22,0.43,0.44,0.35,FW,0.65,0.79,-5.300000000000001,1.9000000000000004,417.6,208.8,52.63157894736842,5,66
Richarlison,BRA,Tottenham Hotspur,FW,26.0,28,18,16.6,11.0,4.0,15.0,9.6,2.1,9.6,11.7,26.0,38.0,3.0,0.0,0.66,0.24,0.58,0.13,FW,0.9,0.71,1.4000000000000004,1.9,135.81818181818184,373.50000000000006,52.63157894736842,5,66
Rodrigo Bentancur,URU,Tottenham Hotspur,MF,26.0,23,13,11.2,1.0,1.0,2.0,1.9,0.5,1.9,2.4,16.0,72.0,7.0,0.0,0.09,0.09,0.17,0.04,MF,0.18,0.21,-0.8999999999999999,0.5,1008.0,1008.0,52.63157894736842,5,66
Ben Davies,WAL,Tottenham Hotspur,DF,30.0,17,12,12.1,1.0,0.0,1.0,2.3,0.4,2.3,2.7,13.0,71.0,2.0,0.0,0.08,0.0,0.19,0.03,DF,0.08,0.22,-1.2999999999999998,-0.4,1089.0,0.0,52.63157894736842,5,66
Emerson,BRA,Tottenham Hotspur,DF,24.0,22,11,12.9,1.0,0.0,1.0,0.2,0.4,0.2,0.6000000000000001,21.0,57.0,4.0,0.0,0.08,0.0,0.02,0.03,DF,0.08,0.05,0.8,-0.4,1161.0,0.0,52.63157894736842,5,66
Timo Werner,GER,Tottenham Hotspur,FW,27.0,13,10,9.0,2.0,3.0,5.0,3.7,2.7,3.7,6.4,79.0,41.0,1.0,0.0,0.22,0.33,0.41,0.3,FW,0.55,0.71,-1.7000000000000002,0.2999999999999998,405.0,270.0,52.63157894736842,5,66
Pierre Højbjerg,DEN,Tottenham Hotspur,MF,27.0,36,8,14.6,0.0,0.0,0.0,0.7,1.2,0.7,1.9,17.0,134.0,4.0,0.0,0.0,0.0,0.05,0.08,MF,0.0,0.13,-0.7,-1.2,0.0,0.0,52.63157894736842,5,66
Oliver Skipp,ENG,Tottenham Hotspur,"MF,DF",22.0,21,5,7.9,0.0,0.0,0.0,0.7,0.6,0.7,1.2999999999999998,8.0,37.0,3.0,0.0,0.0,0.0,0.09,0.07,MF,0.0,0.16,-0.7,-0.6,0.0,0.0,52.63157894736842,5,66
Giovani Lo Celso,ARG,Tottenham Hotspur,MF,27.0,22,4,5.6,2.0,2.0,4.0,0.6,1.9,0.6,2.5,25.0,68.0,2.0,0.0,0.36,0.36,0.1,0.34,MF,0.72,0.44,1.4,0.1,252.0,252.0,52.63157894736842,5,66
Radu Drăgușin,ROU,Tottenham Hotspur,DF,21.0,9,4,4.8,0.0,0.0,0.0,0.1,0.0,0.1,0.1,5.0,8.0,1.0,0.0,0.0,0.0,0.03,0.0,DF,0.0,0.03,-0.1,0.0,0.0,0.0,52.63157894736842,5,66
Bryan Gil,ESP,Tottenham Hotspur,"FW,MF",22.0,11,2,2.3,0.0,0.0,0.0,0.8,0.2,0.8,1.0,11.0,16.0,0.0,0.0,0.0,0.0,0.32,0.09,FW,0.0,0.41,-0.8,-0.2,0.0,0.0,52.63157894736842,5,66
Manor Solomon,ISR,Tottenham Hotspur,FW,24.0,5,2,2.2,0.0,2.0,2.0,0.4,0.8,0.4,1.2000000000000002,17.0,11.0,1.0,0.0,0.0,0.9,0.19,0.38,FW,0.9,0.5700000000000001,-0.4,1.2,0.0,99.0,52.63157894736842,5,66
Eric Dier,ENG,Tottenham Hotspur,DF,29.0,4,1,2.2,0.0,0.0,0.0,0.0,0.0,0.0,0.0,0.0,3.0,0.0,0.0,0.0,0.0,0.0,0.0,DF,0.0,0.0,0.0,0.0,0.0,0.0,52.63157894736842,5,66
Ivan Perišić,CRO,Tottenham Hotspur,FW,34.0,5,0,1.1,0.0,1.0,1.0,0.1,0.9,0.1,1.0,15.0,9.0,2.0,0.0,0.0,0.87,0.1,0.75,FW,0.87,0.85,-0.1,0.0999999999999999,0.0,99.0,52.63157894736842,5,66
André Onana,CMR,Manchester United,GK,27.0,38,38,38.0,0.0,0.0,0.0,0.0,0.1,0.0,0.1,1.0,5.0,5.0,0.0,0.0,0.0,0.0,0.0,GK,0.0,0.0,0.0,-0.1,0.0,0.0,47.368421052631575,8,60
Diogo Dalot,POR,Manchester United,DF,24.0,36,35,35.3,2.0,3.0,5.0,1.7,2.9,1.7,4.6,52.0,124.0,6.0,1.0,0.06,0.09,0.05,0.08,DF,0.15,0.13,0.3,0.1,1588.4999999999998,1058.9999999999998,47.368421052631575,8,60
Bruno Fernandes,POR,Manchester United,"MF,FW",28.0,35,35,34.6,10.0,8.0,18.0,10.0,11.8,6.1,17.9,86.0,297.0,9.0,0.0,0.29,0.23,0.29,0.34,MF,0.52,0.63,0.0,-3.8000000000000007,311.4,389.25,47.368421052631575,8,60
Alejandro Garnacho,ARG,Manchester United,FW,19.0,36,30,28.5,7.0,4.0,11.0,8.4,5.1,8.3,13.4,178.0,62.0,4.0,0.0,0.25,0.14,0.29,0.18,FW,0.39,0.47,-1.4000000000000004,-1.0999999999999996,366.4285714285714,641.25,47.368421052631575,8,60
Marcus Rashford,ENG,Manchester United,FW,25.0,33,26,25.2,7.0,2.0,9.0,7.4,2.3,5.8,8.1,95.0,65.0,2.0,0.0,0.28,0.08,0.29,0.09,FW,0.36,0.38,-0.4000000000000003,-0.2999999999999998,324.0,1134.0,47.368421052631575,8,60
Rasmus Højlund,DEN,Manchester United,FW,20.0,30,25,24.0,10.0,2.0,12.0,7.6,1.6,7.6,9.2,36.0,33.0,2.0,0.0,0.42,0.08,0.32,0.07,FW,0.5,0.39,2.4000000000000004,0.3999999999999999,216.0,1080.0,47.368421052631575,8,60
Casemiro,BRA,Manchester United,"MF,DF",31.0,25,24,22.0,1.0,2.0,3.0,3.5,1.0,3.5,4.5,12.0,112.0,7.0,0.0,0.05,0.09,0.16,0.05,MF,0.14,0.21,-2.5,1.0,1980.0,990.0,47.368421052631575,8,60
Kobbie Mainoo,ENG,Manchester United,MF,18.0,24,24,21.4,3.0,1.0,4.0,0.9,0.7,0.9,1.6,25.0,64.0,3.0,0.0,0.14,0.05,0.04,0.03,MF,0.19,0.07,2.1,0.3,641.9999999999999,1926.0,47.368421052631575,8,60
Aaron Wan-Bissaka,ENG,Manchester United,DF,25.0,22,20,19.8,0.0,2.0,2.0,0.1,1.5,0.1,1.6,30.0,77.0,4.0,0.0,0.0,0.1,0.01,0.08,DF,0.1,0.09,-0.1,0.5,0.0,891.0,47.368421052631575,8,60
Scott McTominay,SCO,Manchester United,"MF,FW",26.0,32,18,21.1,7.0,1.0,8.0,5.7,0.8,5.7,6.5,29.0,64.0,2.0,0.0,0.33,0.05,0.27,0.04,MF,0.38,0.31,1.2999999999999998,0.1999999999999999,271.28571428571433,1899.0,47.368421052631575,8,60
Harry Maguire,ENG,Manchester United,DF,30.0,22,18,18.4,2.0,2.0,4.0,2.0,1.2,2.0,3.2,20.0,73.0,4.0,0.0,0.11,0.11,0.11,0.07,DF,0.22,0.18,0.0,0.8,827.9999999999999,827.9999999999999,47.368421052631575,8,60
Raphaël Varane,FRA,Manchester United,DF,30.0,22,16,15.3,1.0,0.0,1.0,1.3,0.1,1.3,1.4,16.0,59.0,2.0,0.0,0.07,0.0,0.08,0.0,DF,0.07,0.08,-0.3,-0.1,1377.0,0.0,47.368421052631575,8,60
Jonny Evans,NIR,Manchester United,DF,35.0,23,15,15.5,0.0,1.0,1.0,0.1,1.2,0.1,1.3,7.0,37.0,2.0,0.0,0.0,0.06,0.0,0.08,DF,0.06,0.08,-0.1,-0.1999999999999999,0.0,1395.0,47.368421052631575,8,60
Antony,BRA,Manchester United,FW,23.0,29,15,14.7,1.0,1.0,2.0,3.4,2.8,3.4,6.199999999999999,53.0,64.0,5.0,0.0,0.07,0.07,0.23,0.19,FW,0.14,0.42,-2.4,-1.7999999999999998,1323.0,1323.0,47.368421052631575,8,60
Victor Lindelöf,SWE,Manchester United,DF,29.0,19,14,14.8,1.0,1.0,2.0,0.8,0.3,0.8,1.1,17.0,40.0,2.0,0.0,0.07,0.07,0.05,0.02,DF,0.14,0.07,0.1999999999999999,0.7,1332.0,1332.0,47.368421052631575,8,60
Christian Eriksen,DEN,Manchester United,MF,31.0,22,12,12.7,1.0,2.0,3.0,1.0,2.3,1.0,3.3,20.0,68.0,1.0,0.0,0.08,0.16,0.08,0.18,MF,0.24,0.26,0.0,-0.2999999999999998,1143.0,571.5,47.368421052631575,8,60
Luke Shaw,ENG,Manchester United,DF,28.0,12,12,10.7,0.0,0.0,0.0,0.0,1.0,0.0,1.0,10.0,45.0,6.0,0.0,0.0,0.0,0.0,0.09,DF,0.0,0.09,0.0,-1.0,0.0,0.0,47.368421052631575,8,60
Sofyan Amrabat,MAR,Manchester United,"MF,DF",26.0,21,10,10.4,0.0,0.0,0.0,0.1,0.3,0.1,0.4,6.0,66.0,6.0,0.0,0.0,0.0,0.01,0.03,MF,0.0,0.04,-0.1,-0.3,0.0,0.0,47.368421052631575,8,60
Lisandro Martínez,ARG,Manchester United,DF,25.0,11,8,7.2,0.0,1.0,1.0,0.0,0.1,0.0,0.1,8.0,28.0,3.0,0.0,0.0,0.14,0.0,0.01,DF,0.14,0.01,0.0,0.9,0.0,648.0,47.368421052631575,8,60
Mason Mount,ENG,Manchester United,"MF,FW",24.0,14,5,5.7,1.0,0.0,1.0,0.4,0.3,0.4,0.7,9.0,21.0,2.0,0.0,0.17,0.0,0.07,0.06,MF,0.17,0.13,0.6,-0.3,513.0,0.0,47.368421052631575,8,60
Anthony Martial,FRA,Manchester United,FW,27.0,13,5,5.0,1.0,0.0,1.0,1.2,0.2,1.2,1.4,6.0,12.0,0.0,0.0,0.2,0.0,0.25,0.05,FW,0.2,0.3,-0.1999999999999999,-0.2,450.0,0.0,47.368421052631575,8,60
Sergio Reguilón,ESP,Manchester United,DF,26.0,9,4,4.6,0.0,0.0,0.0,0.2,0.7,0.2,0.8999999999999999,11.0,27.0,3.0,0.0,0.0,0.0,0.04,0.16,DF,0.0,0.2,-0.2,-0.7,0.0,0.0,47.368421052631575,8,60
Amad Diallo,CIV,Manchester United,"FW,MF",21.0,9,3,4.3,1.0,1.0,2.0,0.5,1.1,0.5,1.6,11.0,10.0,1.0,0.0,0.23,0.23,0.12,0.24,FW,0.46,0.36,0.5,-0.1,387.0,387.0,47.368421052631575,8,60
Willy Kambwala,FRA,Manchester United,DF,18.0,8,3,3.7,0.0,0.0,0.0,0.0,0.0,0.0,0.0,2.0,8.0,1.0,0.0,0.0,0.0,0.0,0.0,DF,0.0,0.0,0.0,0.0,0.0,0.0,47.368421052631575,8,60
Facundo Pellistri,URU,Manchester United,"FW,MF",21.0,9,1,1.9,0.0,1.0,1.0,0.7,0.1,0.7,0.7999999999999999,6.0,6.0,0.0,0.0,0.0,0.52,0.38,0.05,FW,0.52,0.43,-0.7,0.9,0.0,171.0,47.368421052631575,8,60
Hannibal Mejbri,TUN,Manchester United,"MF,FW",20.0,5,1,1.5,1.0,0.0,1.0,0.0,0.4,0.0,0.4,2.0,6.0,1.0,0.0,0.68,0.0,0.02,0.25,MF,0.68,0.27,1.0,-0.4,135.0,0.0,47.368421052631575,8,60
Ollie Watkins,ENG,Aston Villa,FW,27.0,37,37,35.7,19.0,13.0,32.0,16.8,7.3,16.8,24.1,62.0,55.0,4.0,0.0,0.53,0.36,0.47,0.21,FW,0.89,0.6799999999999999,2.1999999999999997,5.7,169.10526315789477,247.1538461538462,52.63157894736842,4,68
Ezri Konsa,ENG,Aston Villa,DF,25.0,35,35,34.1,1.0,0.0,1.0,2.5,0.5,2.5,3.0,37.0,136.0,5.0,0.0,0.03,0.0,0.07,0.02,DF,0.03,0.09,-1.5,-0.5,3069.0,0.0,52.63157894736842,4,68
John McGinn,SCO,Aston Villa,"MF,FW",28.0,35,35,33.3,6.0,4.0,10.0,5.0,4.6,5.0,9.6,59.0,189.0,9.0,1.0,0.18,0.12,0.15,0.14,MF,0.3,0.29,1.0,-0.5999999999999996,499.5,749.2499999999999,52.63157894736842,4,68
Douglas Luiz,BRA,Aston Villa,MF,25.0,35,35,33.3,9.0,5.0,14.0,6.9,5.4,3.8,9.2,60.0,168.0,12.0,0.0,0.27,0.15,0.21,0.16,MF,0.42,0.37,2.1,-0.4000000000000003,332.99999999999994,599.3999999999999,52.63157894736842,4,68
Emiliano Martínez,ARG,Aston Villa,GK,30.0,34,34,33.5,0.0,0.0,0.0,0.0,0.0,0.0,0.0,0.0,2.0,4.0,0.0,0.0,0.0,0.0,0.0,GK,0.0,0.0,0.0,0.0,0.0,0.0,52.63157894736842,4,68
Pau Torres,ESP,Aston Villa,DF,26.0,29,27,27.4,2.0,0.0,2.0,1.0,0.4,1.0,1.4,42.0,128.0,1.0,0.0,0.07,0.0,0.04,0.02,DF,0.07,0.06,1.0,-0.4,1233.0,0.0,52.63157894736842,4,68
Lucas Digne,FRA,Aston Villa,DF,30.0,33,27,26.8,1.0,3.0,4.0,1.1,4.1,1.1,5.199999999999999,42.0,77.0,7.0,0.0,0.04,0.11,0.04,0.15,DF,0.15,0.19,-0.1,-1.0999999999999996,2412.0,804.0,52.63157894736842,4,68
Moussa Diaby,FRA,Aston Villa,"FW,MF",24.0,38,25,24.2,6.0,8.0,14.0,7.0,6.6,7.0,13.6,94.0,72.0,1.0,0.0,0.25,0.33,0.29,0.27,FW,0.5800000000000001,0.56,-1.0,1.4000000000000004,363.0,272.25,52.63157894736842,4,68
Matty Cash,POL,Aston Villa,DF,25.0,29,23,23.8,2.0,2.0,4.0,4.2,2.3,4.2,6.5,62.0,88.0,8.0,0.0,0.08,0.08,0.18,0.1,DF,0.16,0.28,-2.2,-0.2999999999999998,1071.0,1071.0,52.63157894736842,4,68
Leon Bailey,JAM,Aston Villa,"MF,FW",25.0,35,22,23.0,10.0,9.0,19.0,6.3,9.2,6.3,15.5,102.0,82.0,5.0,0.0,0.44,0.39,0.27,0.4,MF,0.8300000000000001,0.67,3.7,-0.1999999999999993,207.0,230.0,52.63157894736842,4,68
Diego Carlos,BRA,Aston Villa,DF,30.0,27,20,20.2,0.0,0.0,0.0,1.9,0.1,1.9,2.0,4.0,59.0,4.0,0.0,0.0,0.0,0.1,0.0,DF,0.0,0.1,-1.9,-0.1,0.0,0.0,52.63157894736842,4,68
Boubacar Kamara,FRA,Aston Villa,MF,23.0,20,20,18.4,0.0,1.0,1.0,0.1,1.3,0.1,1.4,19.0,83.0,7.0,1.0,0.0,0.05,0.01,0.07,MF,0.05,0.08,-0.1,-0.3,0.0,1655.9999999999998,52.63157894736842,4,68
Youri Tielemans,BEL,Aston Villa,"MF,FW",26.0,32,17,18.0,2.0,6.0,8.0,1.3,2.6,1.3,3.9,23.0,128.0,3.0,0.0,0.11,0.33,0.07,0.14,MF,0.44,0.21,0.7,3.4,810.0,270.0,52.63157894736842,4,68
Clément Lenglet,FRA,Aston Villa,DF,28.0,14,14,12.8,0.0,1.0,1.0,0.9,0.8,0.9,1.7000000000000002,26.0,51.0,3.0,0.0,0.0,0.08,0.07,0.06,DF,0.08,0.13,-0.9,0.1999999999999999,0.0,1152.0,52.63157894736842,4,68
Álex Moreno,ESP,Aston Villa,DF,30.0,21,11,11.5,2.0,0.0,2.0,1.1,1.1,1.1,2.2,32.0,24.0,2.0,0.0,0.17,0.0,0.1,0.1,DF,0.17,0.2,0.8999999999999999,-1.1,517.5,0.0,52.63157894736842,4,68
Nicolò Zaniolo,ITA,Aston Villa,"FW,MF",24.0,25,9,9.3,2.0,0.0,2.0,2.6,1.0,2.6,3.6,35.0,30.0,7.0,0.0,0.21,0.0,0.28,0.11,FW,0.21,0.39,-0.6000000000000001,-1.0,418.50000000000006,0.0,52.63157894736842,4,68
Jacob Ramsey,ENG,Aston Villa,"FW,MF",22.0,16,8,9.5,1.0,1.0,2.0,2.2,1.0,2.2,3.2,33.0,28.0,2.0,0.0,0.11,0.11,0.23,0.11,FW,0.22,0.34,-1.2000000000000002,0.0,855.0,855.0,52.63157894736842,4,68
Morgan Rogers,ENG,Aston Villa,"MF,FW",21.0,11,8,7.1,3.0,1.0,4.0,1.4,0.6,1.4,2.0,22.0,28.0,3.0,0.0,0.42,0.14,0.19,0.09,MF,0.56,0.28,1.6,0.4,213.0,639.0,52.63157894736842,4,68
Robin Olsen,SWE,Aston Villa,GK,33.0,5,4,4.5,0.0,0.0,0.0,0.0,0.0,0.0,0.0,0.0,0.0,0.0,0.0,0.0,0.0,0.0,0.0,GK,0.0,0.0,0.0,0.0,0.0,0.0,52.63157894736842,4,68
Jhon Durán,COL,Aston Villa,"FW,MF",19.0,23,3,5.3,5.0,0.0,5.0,2.0,0.3,2.0,2.3,9.0,9.0,5.0,0.0,0.95,0.0,0.38,0.06,FW,0.95,0.44,3.0,-0.3,95.4,0.0,52.63157894736842,4,68
Tim Iroegbunam,ENG,Aston Villa,MF,20.0,9,1,1.8,0.0,0.0,0.0,0.0,0.0,0.0,0.0,3.0,1.0,0.0,0.0,0.0,0.0,0.0,0.0,MF,0.0,0.0,0.0,0.0,0.0,0.0,52.63157894736842,4,68
Calum Chambers,ENG,Aston Villa,"MF,DF",28.0,5,1,1.7,0.0,1.0,1.0,0.0,0.1,0.0,0.1,0.0,5.0,1.0,0.0,0.0,0.59,0.0,0.06,MF,0.59,0.06,0.0,0.9,0.0,153.0,52.63157894736842,4,68
Leander Dendoncker,BEL,Aston Villa,MF,28.0,8,1,1.3,1.0,0.0,1.0,0.7,0.0,0.7,0.7,0.0,3.0,0.0,0.0,0.76,0.0,0.56,0.0,MF,0.76,0.56,0.3,0.0,117.0,0.0,52.63157894736842,4,68
Vladimír Coufal,CZE,West Ham United,DF,30.0,36,36,34.8,0.0,7.0,7.0,0.3,4.0,0.3,4.3,68.0,119.0,7.0,1.0,0.0,0.2,0.01,0.11,DF,0.2,0.12,-0.3,3.0,0.0,447.4285714285714,36.84210526315789,9,52
Emerson Palmieri,ITA,West Ham United,DF,28.0,36,35,34.9,1.0,2.0,3.0,1.5,2.4,1.5,3.9,59.0,125.0,10.0,0.0,0.03,0.06,0.04,0.07,DF,0.09,0.11,-0.5,-0.3999999999999999,3141.0,1570.5,36.84210526315789,9,52
Jarrod Bowen,ENG,West Ham United,FW,26.0,34,34,33.5,16.0,6.0,22.0,11.6,5.5,11.6,17.1,90.0,52.0,2.0,0.0,0.48,0.18,0.35,0.16,FW,0.6599999999999999,0.51,4.4,0.5,188.4375,502.5,36.84210526315789,9,52
James Ward-Prowse,ENG,West Ham United,MF,28.0,37,34,33.3,7.0,7.0,14.0,6.0,7.8,4.4,12.2,18.0,144.0,4.0,0.0,0.21,0.21,0.18,0.23,MF,0.42,0.41,1.0,-0.7999999999999998,428.14285714285705,428.14285714285705,36.84210526315789,9,52
Tomáš Souček,CZE,West Ham United,MF,28.0,37,34,31.9,7.0,2.0,9.0,6.7,1.7,6.7,8.4,7.0,86.0,7.0,0.0,0.22,0.06,0.21,0.05,MF,0.28,0.26,0.2999999999999998,0.3,410.1428571428572,1435.5,36.84210526315789,9,52
Kurt Zouma,FRA,West Ham United,DF,28.0,33,32,31.5,3.0,0.0,3.0,1.8,0.2,1.8,2.0,7.0,53.0,3.0,0.0,0.1,0.0,0.06,0.01,DF,0.1,0.0699999999999999,1.2,-0.2,945.0,0.0,36.84210526315789,9,52
Alphonse Areola,FRA,West Ham United,GK,30.0,31,31,30.0,0.0,0.0,0.0,0.0,0.0,0.0,0.0,0.0,1.0,1.0,0.0,0.0,0.0,0.0,0.0,GK,0.0,0.0,0.0,0.0,0.0,0.0,36.84210526315789,9,52
Lucas Paquetá,BRA,West Ham United,"FW,MF",25.0,31,31,29.1,4.0,6.0,10.0,5.4,5.4,3.8,9.2,34.0,187.0,10.0,0.0,0.14,0.21,0.18,0.18,FW,0.35,0.36,-1.4000000000000004,0.5999999999999996,654.75,436.5,36.84210526315789,9,52
Edson Álvarez,MEX,West Ham United,MF,25.0,31,28,26.4,1.0,1.0,2.0,1.3,0.6,1.3,1.9,20.0,91.0,11.0,0.0,0.04,0.04,0.05,0.02,MF,0.08,0.07,-0.3,0.4,2376.0,2376.0,36.84210526315789,9,52
Mohammed Kudus,GHA,West Ham United,"FW,MF",22.0,33,27,27.6,8.0,6.0,14.0,5.1,3.5,5.1,8.6,117.0,80.0,6.0,0.0,0.29,0.22,0.19,0.13,FW,0.51,0.32,2.9000000000000004,2.5,310.5,414.0,36.84210526315789,9,52
Nayef Aguerd,MAR,West Ham United,DF,27.0,21,21,20.6,1.0,0.0,1.0,1.5,0.3,1.5,1.8,10.0,68.0,3.0,1.0,0.05,0.0,0.07,0.01,DF,0.05,0.08,-0.5,-0.3,1854.0,0.0,36.84210526315789,9,52
Michail Antonio,JAM,West Ham United,FW,33.0,26,21,18.8,6.0,2.0,8.0,5.8,0.9,5.8,6.7,48.0,22.0,6.0,0.0,0.32,0.11,0.31,0.05,FW,0.43,0.36,0.2000000000000001,1.1,282.0,846.0,36.84210526315789,9,52
Konstantinos Mavropanos,GRE,West Ham United,DF,25.0,19,16,16.7,1.0,0.0,1.0,1.2,0.2,1.2,1.4,10.0,38.0,2.0,0.0,0.06,0.0,0.07,0.01,DF,0.06,0.08,-0.1999999999999999,-0.2,1503.0,0.0,36.84210526315789,9,52
Łukasz Fabiański,POL,West Ham United,GK,38.0,10,7,8.0,0.0,0.0,0.0,0.0,0.0,0.0,0.0,0.0,1.0,0.0,0.0,0.0,0.0,0.0,0.0,GK,0.0,0.0,0.0,0.0,0.0,0.0,36.84210526315789,9,52
Angelo Ogbonna,ITA,West Ham United,DF,35.0,11,7,7.1,0.0,0.0,0.0,0.0,0.0,0.0,0.0,2.0,4.0,1.0,0.0,0.0,0.0,0.01,0.0,DF,0.0,0.01,0.0,0.0,0.0,0.0,36.84210526315789,9,52
Saïd Benrahma,ALG,West Ham United,"FW,MF",27.0,13,5,6.9,0.0,1.0,1.0,1.8,1.4,1.0,2.4,28.0,28.0,1.0,0.0,0.0,0.15,0.27,0.21,FW,0.15,0.48,-1.8,-0.3999999999999999,0.0,621.0,36.84210526315789,9,52
Ben Johnson,ENG,West Ham United,"DF,FW",23.0,14,4,6.0,0.0,0.0,0.0,0.2,0.0,0.2,0.2,17.0,22.0,1.0,0.0,0.0,0.0,0.03,0.0,DF,0.0,0.03,-0.2,0.0,0.0,0.0,36.84210526315789,9,52
Aaron Cresswell,ENG,West Ham United,"DF,FW",33.0,11,4,4.8,0.0,0.0,0.0,0.0,0.4,0.0,0.4,4.0,26.0,1.0,0.0,0.0,0.0,0.0,0.09,DF,0.0,0.09,0.0,-0.4,0.0,0.0,36.84210526315789,9,52
Pablo Fornals,ESP,West Ham United,"MF,FW",27.0,15,4,4.7,0.0,0.0,0.0,0.3,0.3,0.3,0.6,4.0,29.0,0.0,0.0,0.0,0.0,0.07,0.07,MF,0.0,0.14,-0.3,-0.3,0.0,0.0,36.84210526315789,9,52
Danny Ings,ENG,West Ham United,FW,31.0,20,3,4.5,1.0,0.0,1.0,1.3,0.3,1.3,1.6,7.0,8.0,1.0,0.0,0.22,0.0,0.28,0.06,FW,0.22,0.34,-0.3,-0.3,405.0,0.0,36.84210526315789,9,52
Kalvin Phillips,ENG,West Ham United,MF,27.0,8,3,3.4,0.0,0.0,0.0,0.1,0.0,0.1,0.1,3.0,19.0,3.0,1.0,0.0,0.0,0.02,0.0,MF,0.0,0.02,-0.1,0.0,0.0,0.0,36.84210526315789,9,52
Maxwel Cornet,CIV,West Ham United,"MF,FW",26.0,7,1,1.2,1.0,0.0,1.0,0.4,0.2,0.4,0.6000000000000001,3.0,2.0,0.0,0.0,0.8,0.0,0.32,0.13,MF,0.8,0.45,0.6,-0.2,108.0,0.0,36.84210526315789,9,52
Joachim Andersen,DEN,Crystal Palace,DF,27.0,38,38,37.9,2.0,3.0,5.0,1.7,2.8,1.7,4.5,21.0,147.0,7.0,0.0,0.05,0.08,0.04,0.07,DF,0.13,0.11,0.3,0.2000000000000001,1705.5,1137.0,34.21052631578947,10,49
Tyrick Mitchell,ENG,Crystal Palace,"DF,MF",23.0,37,37,35.6,2.0,3.0,5.0,1.6,2.8,1.6,4.4,32.0,94.0,6.0,0.0,0.06,0.08,0.04,0.08,DF,0.14,0.12,0.3999999999999999,0.2000000000000001,1602.0,1068.0,34.21052631578947,10,49
Jordan Ayew,GHA,Crystal Palace,"FW,MF",31.0,35,30,28.3,4.0,7.0,11.0,3.9,4.2,3.9,8.1,74.0,63.0,9.0,1.0,0.14,0.25,0.14,0.15,FW,0.39,0.29,0.1,2.8,636.75,363.8571428571428,34.21052631578947,10,49
Jefferson Lerma,COL,Crystal Palace,"MF,DF",28.0,28,27,26.7,1.0,1.0,2.0,2.7,2.2,2.7,4.9,14.0,106.0,8.0,0.0,0.04,0.04,0.1,0.08,MF,0.08,0.18,-1.7000000000000002,-1.2000000000000002,2403.0,2403.0,34.21052631578947,10,49
Jean-Philippe Mateta,FRA,Crystal Palace,FW,26.0,35,25,25.4,16.0,5.0,21.0,10.9,3.1,9.4,12.5,29.0,25.0,3.0,0.0,0.63,0.2,0.43,0.12,FW,0.8300000000000001,0.55,5.1,1.9,142.875,457.2,34.21052631578947,10,49
Eberechi Eze,ENG,Crystal Palace,"MF,FW",25.0,27,24,22.8,11.0,4.0,15.0,9.1,5.2,8.3,13.5,68.0,93.0,3.0,0.0,0.48,0.18,0.4,0.23,MF,0.6599999999999999,0.63,1.9000000000000004,-1.2000000000000002,186.54545454545453,513.0,34.21052631578947,10,49
Chris Richards,USA,Crystal Palace,"DF,MF",23.0,26,23,23.3,1.0,1.0,2.0,0.6,0.4,0.6,1.0,1.0,43.0,3.0,0.0,0.04,0.04,0.03,0.02,DF,0.08,0.05,0.4,0.6,2097.0,2097.0,34.21052631578947,10,49
Marc Guéhi,ENG,Crystal Palace,DF,23.0,25,23,22.5,0.0,1.0,1.0,0.6,0.6,0.6,1.2,15.0,67.0,2.0,0.0,0.0,0.04,0.03,0.03,DF,0.04,0.06,-0.6,0.4,0.0,2025.0,34.21052631578947,10,49
Joel Ward,ENG,Crystal Palace,DF,33.0,26,23,22.0,0.0,1.0,1.0,0.9,0.2,0.9,1.1,16.0,66.0,4.0,0.0,0.0,0.05,0.04,0.01,DF,0.05,0.05,-0.9,0.8,0.0,1980.0,34.21052631578947,10,49
Will Hughes,ENG,Crystal Palace,MF,28.0,30,23,21.0,0.0,1.0,1.0,0.3,1.1,0.3,1.4,14.0,76.0,6.0,0.0,0.0,0.05,0.02,0.05,MF,0.05,0.07,-0.3,-0.1,0.0,1890.0,34.21052631578947,10,49
Sam Johnstone,ENG,Crystal Palace,GK,30.0,20,20,20.0,0.0,0.0,0.0,0.0,0.0,0.0,0.0,0.0,0.0,1.0,0.0,0.0,0.0,0.0,0.0,GK,0.0,0.0,0.0,0.0,0.0,0.0,34.21052631578947,10,49
Dean Henderson,ENG,Crystal Palace,GK,26.0,18,18,18.0,0.0,0.0,0.0,0.0,0.0,0.0,0.0,0.0,0.0,2.0,0.0,0.0,0.0,0.0,0.0,GK,0.0,0.0,0.0,0.0,0.0,0.0,34.21052631578947,10,49
Odsonne Édouard,FRA,Crystal Palace,"FW,MF",25.0,30,17,17.3,7.0,0.0,7.0,6.2,1.2,6.2,7.4,33.0,36.0,4.0,0.0,0.41,0.0,0.36,0.07,FW,0.41,0.43,0.7999999999999998,-1.2,222.42857142857144,0.0,34.21052631578947,10,49
Jeffrey Schlupp,GHA,Crystal Palace,"FW,MF",30.0,29,17,15.0,2.0,2.0,4.0,1.8,2.3,1.8,4.1,20.0,33.0,1.0,0.0,0.13,0.13,0.12,0.15,FW,0.26,0.27,0.1999999999999999,-0.2999999999999998,675.0,675.0,34.21052631578947,10,49
Daniel Muñoz,COL,Crystal Palace,"DF,MF",27.0,16,16,16.0,0.0,4.0,4.0,1.2,2.4,1.2,3.6,25.0,38.0,4.0,0.0,0.0,0.25,0.08,0.15,DF,0.25,0.2299999999999999,-1.2,1.6,0.0,360.0,34.21052631578947,10,49
Adam Wharton,ENG,Crystal Palace,MF,19.0,16,15,14.4,0.0,3.0,3.0,0.3,2.4,0.3,2.7,14.0,79.0,2.0,0.0,0.0,0.21,0.02,0.17,MF,0.21,0.19,-0.3,0.6000000000000001,0.0,432.0,34.21052631578947,10,49
Nathaniel Clyne,ENG,Crystal Palace,DF,32.0,19,14,14.9,0.0,0.0,0.0,0.2,0.2,0.2,0.4,10.0,33.0,0.0,0.0,0.0,0.0,0.01,0.01,DF,0.0,0.02,-0.2,-0.2,0.0,0.0,34.21052631578947,10,49
Michael Olise,FRA,Crystal Palace,"FW,MF",21.0,19,14,14.2,10.0,6.0,16.0,5.5,5.8,4.7,10.5,68.0,78.0,0.0,0.0,0.71,0.42,0.39,0.41,FW,1.13,0.8,4.5,0.2000000000000001,127.8,213.0,34.21052631578947,10,49
Cheick Doucouré,MLI,Crystal Palace,MF,23.0,11,11,10.2,0.0,0.0,0.0,0.3,0.7,0.3,1.0,9.0,49.0,2.0,0.0,0.0,0.0,0.03,0.07,MF,0.0,0.1,-0.3,-0.7,0.0,0.0,34.21052631578947,10,49
Jaïro Riedewald,NED,Crystal Palace,"MF,FW",26.0,9,2,2.6,0.0,0.0,0.0,0.0,0.0,0.0,0.0,3.0,10.0,0.0,0.0,0.0,0.0,0.01,0.0,MF,0.0,0.01,0.0,0.0,0.0,0.0,34.21052631578947,10,49
Matheus França,BRA,Crystal Palace,"MF,FW",19.0,10,1,2.6,0.0,1.0,1.0,0.4,0.9,0.4,1.3,12.0,8.0,1.0,0.0,0.0,0.39,0.14,0.34,MF,0.39,0.48,-0.4,0.0999999999999999,0.0,234.0,34.21052631578947,10,49
Naouirou Ahamada,FRA,Crystal Palace,"MF,FW",21.0,20,0,3.9,0.0,0.0,0.0,0.5,0.0,0.5,0.5,19.0,25.0,4.0,1.0,0.0,0.0,0.13,0.01,MF,0.0,0.14,-0.5,0.0,0.0,0.0,34.21052631578947,10,49
David Ozoh,ENG,Crystal Palace,"MF,DF",18.0,9,0,1.7,0.0,0.0,0.0,0.0,0.0,0.0,0.0,2.0,4.0,1.0,0.0,0.0,0.0,0.0,0.0,MF,0.0,0.0,0.0,0.0,0.0,0.0,34.21052631578947,10,49
Jesurun Rak Sakyi,ENG,Crystal Palace,"MF,FW",20.0,6,0,1.5,0.0,0.0,0.0,0.4,0.2,0.4,0.6000000000000001,7.0,2.0,0.0,0.0,0.0,0.0,0.28,0.1,MF,0.0,0.38,-0.4,-0.2,0.0,0.0,34.21052631578947,10,49
Bernd Leno,GER,Fulham,GK,31.0,38,38,38.0,0.0,0.0,0.0,0.0,0.0,0.0,0.0,0.0,0.0,3.0,0.0,0.0,0.0,0.0,0.0,GK,0.0,0.0,0.0,0.0,0.0,0.0,34.21052631578947,13,47
Antonee Robinson,USA,Fulham,DF,25.0,37,37,36.3,0.0,6.0,6.0,0.7,4.2,0.7,4.9,99.0,129.0,6.0,0.0,0.0,0.17,0.02,0.11,DF,0.17,0.13,-0.7,1.7999999999999998,0.0,544.4999999999999,34.21052631578947,13,47
Andreas Pereira,BRA,Fulham,MF,27.0,37,34,29.0,3.0,7.0,10.0,4.6,7.1,4.6,11.7,56.0,138.0,6.0,0.0,0.1,0.24,0.16,0.24,MF,0.3399999999999999,0.4,-1.5999999999999996,-0.0999999999999996,870.0,372.8571428571428,34.21052631578947,13,47
João Palhinha,POR,Fulham,MF,28.0,33,31,30.0,4.0,1.0,5.0,3.3,0.8,3.3,4.1,8.0,97.0,13.0,0.0,0.13,0.03,0.11,0.03,MF,0.16,0.14,0.7000000000000002,0.1999999999999999,675.0,2700.0,34.21052631578947,13,47
Timothy Castagne,BEL,Fulham,DF,27.0,34,29,29.3,1.0,3.0,4.0,1.6,1.9,1.6,3.5,48.0,77.0,3.0,0.0,0.03,0.1,0.06,0.07,DF,0.13,0.13,-0.6000000000000001,1.1,2637.0,879.0,34.21052631578947,13,47
Calvin Bassey,NGA,Fulham,DF,23.0,29,25,25.6,1.0,0.0,1.0,0.3,0.0,0.3,0.3,15.0,62.0,6.0,1.0,0.04,0.0,0.01,0.0,DF,0.04,0.01,0.7,0.0,2304.0,0.0,34.21052631578947,13,47
Alex Iwobi,NGA,Fulham,"FW,MF",27.0,30,25,24.4,5.0,2.0,7.0,5.3,4.7,5.3,10.0,109.0,147.0,2.0,0.0,0.21,0.08,0.22,0.19,FW,0.29,0.41,-0.2999999999999998,-2.7,439.2,1098.0,34.21052631578947,13,47
Willian,BRA,Fulham,FW,34.0,31,24,22.8,4.0,2.0,6.0,5.1,3.9,3.6,7.5,92.0,153.0,1.0,0.0,0.18,0.09,0.22,0.17,FW,0.27,0.39,-1.0999999999999996,-1.9,513.0,1026.0,34.21052631578947,13,47
Tosin Adarabioyo,ENG,Fulham,DF,25.0,20,18,18.0,2.0,0.0,2.0,0.7,0.1,0.7,0.7999999999999999,10.0,62.0,2.0,0.0,0.11,0.0,0.04,0.01,DF,0.11,0.05,1.3,-0.1,810.0,0.0,34.21052631578947,13,47
Rodrigo Muniz,BRA,Fulham,FW,22.0,26,18,17.7,9.0,1.0,10.0,8.7,2.0,8.7,10.7,8.0,19.0,1.0,0.0,0.51,0.06,0.49,0.12,FW,0.5700000000000001,0.61,0.3000000000000007,-1.0,177.0,1593.0,34.21052631578947,13,47
Raúl Jiménez,MEX,Fulham,FW,32.0,24,18,15.5,7.0,0.0,7.0,5.2,1.5,5.2,6.7,11.0,24.0,3.0,1.0,0.45,0.0,0.33,0.1,FW,0.45,0.43,1.7999999999999998,-1.5,199.28571428571428,0.0,34.21052631578947,13,47
Tim Ream,USA,Fulham,DF,35.0,18,17,16.7,1.0,0.0,1.0,1.0,0.0,1.0,1.0,11.0,65.0,4.0,1.0,0.06,0.0,0.06,0.0,DF,0.06,0.06,0.0,0.0,1503.0,0.0,34.21052631578947,13,47
Bobby Reid,JAM,Fulham,FW,30.0,33,17,15.8,6.0,2.0,8.0,4.6,1.8,4.6,6.4,35.0,47.0,4.0,0.0,0.38,0.13,0.28,0.11,FW,0.51,0.39,1.4000000000000004,0.1999999999999999,237.0,711.0,34.21052631578947,13,47
Harry Wilson,WAL,Fulham,FW,26.0,35,16,18.0,4.0,6.0,10.0,3.4,3.5,3.4,6.9,41.0,60.0,6.0,0.0,0.22,0.33,0.19,0.19,FW,0.55,0.38,0.6000000000000001,2.5,405.0,270.0,34.21052631578947,13,47
Issa Diop,FRA,Fulham,DF,26.0,18,16,15.8,0.0,0.0,0.0,0.3,0.0,0.3,0.3,11.0,66.0,4.0,1.0,0.0,0.0,0.02,0.0,DF,0.0,0.02,-0.3,0.0,0.0,0.0,34.21052631578947,13,47
Harrison Reed,ENG,Fulham,MF,28.0,27,15,14.7,0.0,2.0,2.0,0.3,1.1,0.3,1.4,10.0,56.0,6.0,0.0,0.0,0.14,0.02,0.07,MF,0.14,0.09,-0.3,0.8999999999999999,0.0,661.5,34.21052631578947,13,47
Tom Cairney,SCO,Fulham,MF,32.0,34,14,16.5,1.0,4.0,5.0,1.1,2.3,1.1,3.4,35.0,145.0,3.0,0.0,0.06,0.24,0.07,0.14,MF,0.3,0.21,-0.1,1.7000000000000002,1485.0,371.25,34.21052631578947,13,47
Saša Lukić,SRB,Fulham,MF,26.0,24,13,12.5,1.0,0.0,1.0,1.6,0.8,1.6,2.4000000000000004,12.0,43.0,3.0,0.0,0.08,0.0,0.13,0.06,MF,0.08,0.19,-0.6000000000000001,-0.8,1125.0,0.0,34.21052631578947,13,47
Kenny Tete,NED,Fulham,DF,27.0,14,10,9.6,1.0,0.0,1.0,0.9,0.4,0.9,1.3,20.0,54.0,2.0,0.0,0.1,0.0,0.09,0.04,DF,0.1,0.13,0.0999999999999999,-0.4,864.0,0.0,34.21052631578947,13,47
Carlos Vinícius,BRA,Fulham,FW,28.0,13,2,3.5,2.0,0.0,2.0,1.6,0.8,1.6,2.4000000000000004,3.0,3.0,2.0,0.0,0.57,0.0,0.46,0.23,FW,0.57,0.6900000000000001,0.3999999999999999,-0.8,157.5,0.0,34.21052631578947,13,47
Adama Traoré,ESP,Fulham,"FW,MF",27.0,17,1,4.2,2.0,3.0,5.0,1.5,0.7,1.5,2.2,29.0,16.0,2.0,0.0,0.48,0.72,0.36,0.17,FW,1.2,0.53,0.5,2.3,189.0,126.0,34.21052631578947,13,47
Armando Broja,ALB,Fulham,FW,21.0,8,0,1.0,0.0,1.0,1.0,0.0,0.4,0.0,0.4,2.0,2.0,0.0,0.0,0.0,1.02,0.0,0.41,FW,1.02,0.41,0.0,0.6,0.0,90.0,34.21052631578947,13,47
Jordan Pickford,ENG,Everton,GK,29.0,38,38,38.0,0.0,0.0,0.0,0.0,0.1,0.0,0.1,1.0,6.0,5.0,0.0,0.0,0.0,0.0,0.0,GK,0.0,0.0,0.0,-0.1,0.0,0.0,34.21052631578947,15,40
James Tarkowski,ENG,Everton,DF,30.0,38,38,38.0,1.0,1.0,2.0,2.6,2.5,2.6,5.1,15.0,130.0,11.0,0.0,0.03,0.03,0.07,0.06,DF,0.06,0.13,-1.6,-1.5,3420.0,3420.0,34.21052631578947,15,40
Jarrad Branthwaite,ENG,Everton,DF,21.0,35,35,34.6,3.0,0.0,3.0,1.7,1.0,1.7,2.7,2.0,74.0,8.0,0.0,0.09,0.0,0.05,0.03,DF,0.09,0.08,1.3,-1.0,1038.0,0.0,34.21052631578947,15,40
James Garner,ENG,Everton,MF,22.0,37,34,33.4,1.0,2.0,3.0,2.7,4.6,2.7,7.3,36.0,100.0,7.0,0.0,0.03,0.06,0.08,0.14,MF,0.09,0.22,-1.7000000000000002,-2.6,3006.0,1503.0,34.21052631578947,15,40
Dwight McNeil,ENG,Everton,"MF,FW",23.0,35,33,32.1,3.0,6.0,9.0,3.4,8.8,3.4,12.2,80.0,114.0,2.0,0.0,0.09,0.19,0.11,0.27,MF,0.28,0.38,-0.3999999999999999,-2.8000000000000007,963.0,481.5,34.21052631578947,15,40
Abdoulaye Doucouré,MLI,Everton,"FW,MF",30.0,32,32,29.2,7.0,1.0,8.0,8.8,2.9,8.8,11.7,55.0,97.0,7.0,0.0,0.24,0.03,0.3,0.1,FW,0.27,0.4,-1.8000000000000007,-1.9,375.4285714285714,2628.0,34.21052631578947,15,40
Vitaliy Mykolenko,UKR,Everton,DF,24.0,28,28,27.4,2.0,0.0,2.0,1.5,0.9,1.5,2.4,14.0,55.0,1.0,0.0,0.07,0.0,0.06,0.03,DF,0.07,0.09,0.5,-0.9,1233.0,0.0,34.21052631578947,15,40
Ashley Young,ENG,Everton,"DF,MF",38.0,31,27,25.3,0.0,0.0,0.0,0.6,1.5,0.6,2.1,40.0,82.0,7.0,1.0,0.0,0.0,0.02,0.06,DF,0.0,0.08,-0.6,-1.5,0.0,0.0,34.21052631578947,15,40
Dominic Calvert-Lewin,ENG,Everton,FW,26.0,32,26,24.1,7.0,2.0,9.0,12.9,3.1,11.4,14.5,36.0,31.0,2.0,0.0,0.29,0.08,0.54,0.13,FW,0.37,0.67,-5.9,-1.1,309.85714285714283,1084.5,34.21052631578947,15,40
Jack Harrison,ENG,Everton,"MF,FW",26.0,29,25,24.6,3.0,3.0,6.0,3.6,3.4,3.6,7.0,65.0,62.0,1.0,0.0,0.12,0.12,0.14,0.14,MF,0.24,0.28,-0.6000000000000001,-0.3999999999999999,738.0,738.0,34.21052631578947,15,40
Idrissa Gana Gueye,SEN,Everton,MF,33.0,25,24,20.9,4.0,0.0,4.0,1.3,1.1,1.3,2.4000000000000004,29.0,83.0,8.0,0.0,0.19,0.0,0.06,0.05,MF,0.19,0.11,2.7,-1.1,470.25,0.0,34.21052631578947,15,40
Amadou Onana,BEL,Everton,MF,21.0,30,23,23.2,2.0,0.0,2.0,2.0,2.7,2.0,4.7,21.0,107.0,5.0,0.0,0.09,0.0,0.09,0.11,MF,0.09,0.2,0.0,-2.7,1044.0,0.0,34.21052631578947,15,40
Ben Godfrey,ENG,Everton,DF,25.0,15,13,12.4,0.0,0.0,0.0,1.7,0.3,1.7,2.0,11.0,43.0,2.0,0.0,0.0,0.0,0.14,0.02,DF,0.0,0.16,-1.7,-0.3,0.0,0.0,34.21052631578947,15,40
Nathan Patterson,SCO,Everton,DF,21.0,20,9,11.2,0.0,2.0,2.0,0.3,1.7,0.3,2.0,17.0,38.0,4.0,0.0,0.0,0.18,0.03,0.15,DF,0.18,0.18,-0.3,0.3,0.0,504.0,34.21052631578947,15,40
Beto,GNB,Everton,FW,25.0,30,9,10.6,3.0,0.0,3.0,6.8,0.9,6.0,6.9,14.0,14.0,2.0,0.0,0.28,0.0,0.64,0.09,FW,0.28,0.73,-3.8,-0.9,318.0,0.0,34.21052631578947,15,40
Séamus Coleman,IRL,Everton,DF,34.0,12,7,7.4,0.0,0.0,0.0,0.0,1.0,0.0,1.0,5.0,22.0,0.0,0.0,0.0,0.0,0.0,0.14,DF,0.0,0.14,0.0,-1.0,0.0,0.0,34.21052631578947,15,40
Arnaut Danjuma,NED,Everton,"MF,FW",26.0,14,5,6.6,1.0,0.0,1.0,2.6,1.1,2.6,3.7,24.0,9.0,0.0,0.0,0.15,0.0,0.4,0.17,MF,0.15,0.5700000000000001,-1.6,-1.1,594.0,0.0,34.21052631578947,15,40
Michael Keane,ENG,Everton,DF,30.0,9,4,4.9,1.0,0.0,1.0,0.7,0.0,0.7,0.7,4.0,14.0,2.0,0.0,0.21,0.0,0.14,0.0,DF,0.21,0.14,0.3,0.0,441.00000000000006,0.0,34.21052631578947,15,40
André Gomes,POR,Everton,"MF,FW",30.0,12,3,5.6,1.0,0.0,1.0,0.3,0.4,0.3,0.7,8.0,36.0,4.0,0.0,0.18,0.0,0.05,0.07,MF,0.18,0.12,0.7,-0.4,504.0,0.0,34.21052631578947,15,40
Alex Iwobi,NGA,Everton,MF,27.0,2,2,1.6,0.0,0.0,0.0,0.3,0.2,0.3,0.5,6.0,4.0,0.0,0.0,0.0,0.0,0.21,0.14,MF,0.0,0.35,-0.3,-0.2,0.0,0.0,34.21052631578947,15,40
Lewis Dobbin,ENG,Everton,MF,20.0,12,1,2.6,1.0,0.0,1.0,0.3,0.5,0.3,0.8,6.0,3.0,1.0,0.0,0.39,0.0,0.11,0.19,MF,0.39,0.3,0.7,-0.5,234.0,0.0,34.21052631578947,15,40
Youssef Chermiti,POR,Everton,FW,19.0,18,1,2.3,0.0,0.0,0.0,0.7,0.8,0.7,1.5,5.0,5.0,3.0,0.0,0.0,0.0,0.31,0.34,FW,0.0,0.65,-0.7,-0.8,0.0,0.0,34.21052631578947,15,40
Neal Maupay,FRA,Everton,FW,26.0,2,1,1.2,0.0,0.0,0.0,1.4,0.1,1.4,1.5,1.0,0.0,0.0,0.0,0.0,0.0,1.16,0.05,FW,0.0,1.21,-1.4,-0.1,0.0,0.0,34.21052631578947,15,40
Pascal Groß,GER,Brighton,"MF,DF",32.0,36,34,34.6,4.0,10.0,14.0,6.5,8.1,5.7,13.8,83.0,302.0,6.0,0.0,0.12,0.29,0.19,0.24,MF,0.41,0.43,-2.5,1.9000000000000004,778.5,311.4,31.57894736842105,11,48
Lewis Dunk,ENG,Brighton,DF,31.0,33,33,31.9,3.0,1.0,4.0,3.1,0.9,3.1,4.0,33.0,152.0,7.0,1.0,0.09,0.03,0.1,0.03,DF,0.12,0.13,-0.1,0.0999999999999999,957.0,2871.0,31.57894736842105,11,48
Jan Paul van Hecke,NED,Brighton,DF,23.0,28,26,26.3,0.0,0.0,0.0,1.2,0.9,1.2,2.1,25.0,147.0,4.0,0.0,0.0,0.0,0.05,0.03,DF,0.0,0.08,-1.2,-0.9,0.0,0.0,31.57894736842105,11,48
Simon Adingra,CIV,Brighton,FW,21.0,31,25,24.7,6.0,1.0,7.0,4.3,3.7,4.3,8.0,111.0,50.0,3.0,0.0,0.24,0.04,0.17,0.15,FW,0.2799999999999999,0.32,1.7000000000000002,-2.7,370.5,2223.0,31.57894736842105,11,48
Billy Gilmour,SCO,Brighton,MF,22.0,30,24,23.6,0.0,1.0,1.0,1.0,2.0,1.0,3.0,39.0,193.0,8.0,1.0,0.0,0.04,0.04,0.09,MF,0.04,0.13,-1.0,-1.0,0.0,2124.0,31.57894736842105,11,48
Bart Verbruggen,NED,Brighton,GK,20.0,21,21,21.0,0.0,0.0,0.0,0.0,0.0,0.0,0.0,0.0,3.0,3.0,0.0,0.0,0.0,0.0,0.0,GK,0.0,0.0,0.0,0.0,0.0,0.0,31.57894736842105,11,48
Danny Welbeck,ENG,Brighton,"FW,MF",32.0,29,21,18.8,5.0,1.0,6.0,5.3,1.7,5.3,7.0,32.0,44.0,4.0,0.0,0.27,0.05,0.28,0.09,FW,0.32,0.37,-0.2999999999999998,-0.7,338.4,1692.0,31.57894736842105,11,48
João Pedro,BRA,Brighton,"FW,MF",21.0,31,19,22.7,9.0,3.0,12.0,11.9,3.8,7.9,11.7,83.0,92.0,2.0,0.0,0.4,0.13,0.53,0.17,FW,0.53,0.7000000000000001,-2.9000000000000004,-0.7999999999999998,227.0,681.0,31.57894736842105,11,48
Igor,BRA,Brighton,DF,25.0,24,17,18.2,0.0,0.0,0.0,0.3,0.7,0.3,1.0,30.0,107.0,4.0,0.0,0.0,0.0,0.02,0.04,DF,0.0,0.06,-0.3,-0.7,0.0,0.0,31.57894736842105,11,48
Joël Veltman,NED,Brighton,DF,31.0,27,17,17.6,1.0,1.0,2.0,0.4,0.5,0.4,0.9,24.0,85.0,4.0,0.0,0.06,0.06,0.02,0.03,DF,0.12,0.05,0.6,0.5,1584.0000000000002,1584.0000000000002,31.57894736842105,11,48
Jason Steele,ENG,Brighton,GK,32.0,17,17,17.0,0.0,0.0,0.0,0.0,0.0,0.0,0.0,0.0,0.0,0.0,0.0,0.0,0.0,0.0,0.0,GK,0.0,0.0,0.0,0.0,0.0,0.0,31.57894736842105,11,48
Facundo Buonanotte,ARG,Brighton,"FW,MF",18.0,27,17,15.2,3.0,1.0,4.0,2.4,1.8,2.4,4.2,23.0,42.0,7.0,0.0,0.2,0.07,0.16,0.12,FW,0.27,0.28,0.6000000000000001,-0.8,456.0,1368.0,31.57894736842105,11,48
Kaoru Mitoma,JPN,Brighton,FW,26.0,19,15,16.5,3.0,4.0,7.0,3.5,2.7,3.5,6.2,121.0,64.0,4.0,0.0,0.18,0.24,0.21,0.16,FW,0.42,0.37,-0.5,1.2999999999999998,495.0,371.25,31.57894736842105,11,48
Evan Ferguson,IRL,Brighton,FW,18.0,27,15,15.2,6.0,0.0,6.0,4.6,0.5,4.6,5.1,13.0,15.0,1.0,0.0,0.4,0.0,0.3,0.04,FW,0.4,0.3399999999999999,1.4000000000000004,-0.5,228.0,0.0,31.57894736842105,11,48
Carlos Baleba,CMR,Brighton,MF,19.0,27,15,14.7,0.0,0.0,0.0,0.8,0.3,0.8,1.1,19.0,50.0,7.0,0.0,0.0,0.0,0.06,0.02,MF,0.0,0.08,-0.8,-0.3,0.0,0.0,31.57894736842105,11,48
Pervis Estupiñán,ECU,Brighton,DF,25.0,19,15,13.8,2.0,3.0,5.0,1.0,3.5,1.0,4.5,47.0,83.0,4.0,0.0,0.14,0.22,0.07,0.25,DF,0.36,0.32,1.0,-0.5,621.0,414.0,31.57894736842105,11,48
Adam Webster,ENG,Brighton,DF,28.0,15,13,12.7,0.0,0.0,0.0,0.4,0.1,0.4,0.5,16.0,80.0,2.0,0.0,0.0,0.0,0.03,0.01,DF,0.0,0.04,-0.4,-0.1,0.0,0.0,31.57894736842105,11,48
Adam Lallana,ENG,Brighton,"MF,FW",35.0,25,13,9.4,0.0,1.0,1.0,0.8,1.7,0.8,2.5,9.0,39.0,2.0,0.0,0.0,0.11,0.09,0.18,MF,0.11,0.27,-0.8,-0.7,0.0,846.0,31.57894736842105,11,48
James Milner,ENG,Brighton,"DF,MF",37.0,15,11,8.6,0.0,2.0,2.0,0.3,1.8,0.3,2.1,11.0,69.0,3.0,0.0,0.0,0.23,0.03,0.21,DF,0.23,0.24,-0.3,0.1999999999999999,0.0,387.0,31.57894736842105,11,48
Tariq Lamptey,GHA,Brighton,"DF,FW",22.0,19,10,10.2,0.0,3.0,3.0,0.4,1.2,0.4,1.6,39.0,17.0,3.0,0.0,0.0,0.3,0.04,0.12,DF,0.3,0.16,-0.4,1.8,0.0,305.99999999999994,31.57894736842105,11,48
Jack Hinshelwood,ENG,Brighton,DF,18.0,12,8,9.7,3.0,0.0,3.0,1.9,0.7,1.9,2.6,16.0,19.0,1.0,0.0,0.31,0.0,0.19,0.07,DF,0.31,0.26,1.1,-0.7,290.99999999999994,0.0,31.57894736842105,11,48
Solly March,ENG,Brighton,"FW,DF",29.0,7,7,6.2,3.0,1.0,4.0,2.0,1.0,2.0,3.0,14.0,24.0,1.0,0.0,0.49,0.16,0.32,0.16,FW,0.65,0.48,1.0,0.0,186.0,558.0,31.57894736842105,11,48
Jakub Moder,POL,Brighton,"MF,DF",24.0,17,6,6.9,0.0,0.0,0.0,0.6,0.8,0.6,1.4,10.0,23.0,2.0,0.0,0.0,0.0,0.08,0.11,MF,0.0,0.19,-0.6,-0.8,0.0,0.0,31.57894736842105,11,48
Mahmoud Dahoud,GER,Brighton,MF,27.0,9,6,5.0,0.0,1.0,1.0,0.2,0.9,0.2,1.1,4.0,11.0,1.0,1.0,0.0,0.2,0.04,0.18,MF,0.2,0.22,-0.2,0.0999999999999999,0.0,450.0,31.57894736842105,11,48
Julio Enciso,PAR,Brighton,"MF,FW",19.0,12,5,5.3,0.0,2.0,2.0,1.4,1.7,1.4,3.1,28.0,21.0,2.0,0.0,0.0,0.38,0.27,0.32,MF,0.38,0.5900000000000001,-1.4,0.3,0.0,238.5,31.57894736842105,11,48
Ansu Fati,ESP,Brighton,"MF,FW",20.0,19,3,5.8,2.0,0.0,2.0,3.4,0.8,3.4,4.2,16.0,28.0,2.0,0.0,0.35,0.0,0.59,0.14,MF,0.35,0.73,-1.4,-0.8,261.0,0.0,31.57894736842105,11,48
Valentín Barco,ARG,Brighton,"DF,FW",19.0,6,3,3.4,0.0,0.0,0.0,0.2,0.2,0.2,0.4,8.0,14.0,1.0,0.0,0.0,0.0,0.05,0.07,DF,0.0,0.12,-0.2,-0.2,0.0,0.0,31.57894736842105,11,48
Odeluga Offiah,ENG,Brighton,DF,20.0,4,1,1.4,0.0,0.0,0.0,0.0,0.0,0.0,0.0,9.0,4.0,0.0,0.0,0.0,0.0,0.0,0.0,DF,0.0,0.0,0.0,0.0,0.0,0.0,31.57894736842105,11,48
Illia Zabarnyi,UKR,Bournemouth,DF,20.0,37,37,37.0,1.0,0.0,1.0,1.1,0.4,1.1,1.5,24.0,109.0,5.0,0.0,0.03,0.0,0.03,0.01,DF,0.03,0.04,-0.1,-0.4,3330.0,0.0,34.21052631578947,12,48
Dominic Solanke,ENG,Bournemouth,FW,25.0,38,37,36.9,19.0,3.0,22.0,19.6,3.0,17.2,20.2,52.0,60.0,3.0,0.0,0.51,0.08,0.53,0.08,FW,0.59,0.61,-0.6000000000000014,0.0,174.78947368421052,1107.0,34.21052631578947,12,48
Ryan Christie,SCO,Bournemouth,MF,28.0,37,35,32.3,0.0,5.0,5.0,2.3,5.4,2.3,7.7,60.0,167.0,6.0,0.0,0.0,0.15,0.07,0.17,MF,0.15,0.24,-2.3,-0.4000000000000003,0.0,581.3999999999999,34.21052631578947,12,48
Neto,BRA,Bournemouth,GK,34.0,32,32,32.0,0.0,0.0,0.0,0.0,0.0,0.0,0.0,0.0,0.0,5.0,0.0,0.0,0.0,0.0,0.0,GK,0.0,0.0,0.0,0.0,0.0,0.0,34.21052631578947,12,48
Lewis Cook,ENG,Bournemouth,MF,26.0,33,32,31.0,0.0,3.0,3.0,0.4,4.3,0.4,4.7,22.0,142.0,5.0,1.0,0.0,0.1,0.01,0.14,MF,0.1,0.15,-0.4,-1.2999999999999998,0.0,930.0,34.21052631578947,12,48
Marcos Senesi,ARG,Bournemouth,DF,26.0,31,26,24.9,4.0,5.0,9.0,2.0,1.7,2.0,3.7,31.0,127.0,13.0,0.0,0.16,0.2,0.08,0.07,DF,0.36,0.15,2.0,3.3,560.25,448.2,34.21052631578947,12,48
Justin Kluivert,NED,Bournemouth,"MF,FW",24.0,32,26,21.3,7.0,1.0,8.0,6.2,1.9,6.2,8.1,65.0,50.0,5.0,0.0,0.33,0.05,0.29,0.09,MF,0.38,0.38,0.7999999999999998,-0.8999999999999999,273.85714285714283,1917.0,34.21052631578947,12,48
Adam Smith,ENG,Bournemouth,DF,32.0,28,25,23.9,0.0,2.0,2.0,0.1,1.3,0.1,1.4,24.0,89.0,6.0,0.0,0.0,0.08,0.0,0.05,DF,0.08,0.05,-0.1,0.7,0.0,1075.5,34.21052631578947,12,48
Marcus Tavernier,ENG,Bournemouth,FW,24.0,30,25,23.5,3.0,4.0,7.0,3.9,5.2,3.9,9.1,79.0,84.0,3.0,0.0,0.13,0.17,0.17,0.22,FW,0.3,0.39,-0.8999999999999999,-1.2000000000000002,705.0,528.75,34.21052631578947,12,48
Antoine Semenyo,GHA,Bournemouth,FW,23.0,33,25,23.4,8.0,2.0,10.0,4.6,3.2,4.6,7.8,89.0,64.0,6.0,0.0,0.34,0.09,0.2,0.14,FW,0.43,0.34,3.4000000000000004,-1.2000000000000002,263.25,1053.0,34.21052631578947,12,48
Milos Kerkez,HUN,Bournemouth,DF,19.0,28,22,21.9,0.0,1.0,1.0,1.2,0.8,1.2,2.0,46.0,44.0,4.0,1.0,0.0,0.05,0.06,0.04,DF,0.05,0.1,-1.2,0.1999999999999999,0.0,1971.0,34.21052631578947,12,48
Lloyd Kelly,ENG,Bournemouth,DF,24.0,23,17,17.3,0.0,1.0,1.0,0.3,1.2,0.3,1.5,15.0,56.0,2.0,0.0,0.0,0.06,0.02,0.07,DF,0.06,0.09,-0.3,-0.1999999999999999,0.0,1557.0,34.21052631578947,12,48
Philip Billing,DEN,Bournemouth,MF,27.0,29,13,15.5,2.0,2.0,4.0,2.5,3.2,2.5,5.7,22.0,53.0,3.0,1.0,0.13,0.13,0.16,0.21,MF,0.26,0.37,-0.5,-1.2000000000000002,697.5,697.5,34.21052631578947,12,48
Max Aarons,ENG,Bournemouth,DF,23.0,20,13,13.7,0.0,1.0,1.0,0.0,0.8,0.0,0.8,22.0,43.0,1.0,0.0,0.0,0.07,0.0,0.06,DF,0.07,0.06,0.0,0.1999999999999999,0.0,1233.0,34.21052631578947,12,48
Dango Ouattara,BFA,Bournemouth,"FW,DF",21.0,30,12,13.7,1.0,2.0,3.0,2.6,1.5,2.6,4.1,47.0,35.0,3.0,0.0,0.07,0.15,0.19,0.11,FW,0.22,0.3,-1.6,0.5,1233.0,616.5,34.21052631578947,12,48
Alex Scott,ENG,Bournemouth,MF,19.0,23,11,11.3,1.0,1.0,2.0,0.7,1.7,0.7,2.4,24.0,50.0,3.0,0.0,0.09,0.09,0.06,0.15,MF,0.18,0.21,0.3,-0.7,1017.0,1017.0,34.21052631578947,12,48
Luis Sinisterra,COL,Bournemouth,"FW,MF",24.0,20,7,7.8,2.0,2.0,4.0,2.5,2.4,2.5,4.9,51.0,38.0,0.0,0.0,0.26,0.26,0.33,0.31,FW,0.52,0.64,-0.5,-0.3999999999999999,351.0,351.0,34.21052631578947,12,48
Chris Mepham,WAL,Bournemouth,DF,25.0,10,6,6.9,0.0,1.0,1.0,0.1,0.4,0.1,0.5,4.0,25.0,2.0,0.0,0.0,0.15,0.01,0.06,DF,0.15,0.0699999999999999,-0.1,0.6,0.0,621.0,34.21052631578947,12,48
Mark Travers,IRL,Bournemouth,GK,24.0,4,4,4.0,0.0,0.0,0.0,0.0,0.0,0.0,0.0,0.0,0.0,0.0,0.0,0.0,0.0,0.0,0.0,GK,0.0,0.0,0.0,0.0,0.0,0.0,34.21052631578947,12,48
Joe Rothwell,ENG,Bournemouth,MF,28.0,11,3,4.3,0.0,0.0,0.0,0.1,0.2,0.1,0.3,6.0,20.0,0.0,0.0,0.0,0.0,0.02,0.06,MF,0.0,0.08,-0.1,-0.2,0.0,0.0,34.21052631578947,12,48
Enes Ünal,TUR,Bournemouth,"FW,MF",26.0,16,2,3.6,2.0,2.0,4.0,2.9,1.0,2.9,3.9,4.0,7.0,1.0,0.0,0.55,0.55,0.8,0.28,FW,1.1,1.08,-0.8999999999999999,1.0,162.0,162.0,34.21052631578947,12,48
David Brooks,WAL,Bournemouth,"FW,MF",26.0,13,2,3.1,1.0,1.0,2.0,2.2,1.0,2.2,3.2,8.0,21.0,1.0,0.0,0.32,0.32,0.7,0.33,FW,0.64,1.03,-1.2000000000000002,0.0,279.0,279.0,34.21052631578947,12,48
Ionuț Radu,ROU,Bournemouth,GK,26.0,2,2,2.0,0.0,0.0,0.0,0.0,0.0,0.0,0.0,0.0,0.0,0.0,0.0,0.0,0.0,0.0,0.0,GK,0.0,0.0,0.0,0.0,0.0,0.0,34.21052631578947,12,48
Jaidon Anthony,ENG,Bournemouth,FW,23.0,3,2,1.7,0.0,0.0,0.0,0.1,0.0,0.1,0.1,2.0,8.0,1.0,0.0,0.0,0.0,0.04,0.0,FW,0.0,0.04,-0.1,0.0,0.0,0.0,34.21052631578947,12,48
Tyler Adams,USA,Bournemouth,MF,24.0,3,1,1.3,0.0,0.0,0.0,0.0,0.1,0.0,0.1,4.0,5.0,0.0,0.0,0.0,0.0,0.0,0.06,MF,0.0,0.06,0.0,-0.1,0.0,0.0,34.21052631578947,12,48
Kieffer Moore,WAL,Bournemouth,"FW,MF",30.0,8,0,1.2,1.0,0.0,1.0,1.5,0.2,1.5,1.7,2.0,4.0,0.0,0.0,0.83,0.0,1.23,0.2,FW,0.83,1.43,-0.5,-0.2,108.0,0.0,34.21052631578947,12,48
Max Kilman,ENG,Wolverhampton,DF,26.0,38,38,38.0,2.0,0.0,2.0,1.8,1.4,1.8,3.2,22.0,117.0,7.0,0.0,0.05,0.0,0.05,0.04,DF,0.05,0.09,0.1999999999999999,-1.4,1710.0,0.0,34.21052631578947,14,46
Nélson Semedo,POR,Wolverhampton,"DF,MF",29.0,36,36,34.3,0.0,1.0,1.0,1.3,1.7,1.3,3.0,103.0,138.0,10.0,1.0,0.0,0.03,0.04,0.05,DF,0.03,0.09,-1.3,-0.7,0.0,3086.9999999999995,34.21052631578947,14,46
José Sá,POR,Wolverhampton,GK,30.0,35,35,33.7,0.0,1.0,1.0,0.0,0.0,0.0,0.0,0.0,1.0,1.0,0.0,0.0,0.03,0.0,0.0,GK,0.03,0.0,0.0,1.0,0.0,3033.0000000000005,34.21052631578947,14,46
Mario Lemina,GAB,Wolverhampton,MF,29.0,35,34,33.0,4.0,1.0,5.0,4.6,1.5,4.6,6.1,32.0,76.0,12.0,1.0,0.12,0.03,0.14,0.05,MF,0.15,0.19,-0.5999999999999996,-0.5,742.5,2970.0,34.21052631578947,14,46
João Gomes,BRA,Wolverhampton,MF,22.0,34,32,29.4,2.0,1.0,3.0,1.7,1.1,1.7,2.8,28.0,101.0,11.0,0.0,0.07,0.03,0.06,0.04,MF,0.1,0.1,0.3,-0.1,1323.0,2646.0,34.21052631578947,14,46
Toti Gomes,POR,Wolverhampton,DF,24.0,35,31,30.8,1.0,3.0,4.0,1.6,1.2,1.6,2.8,22.0,79.0,7.0,0.0,0.03,0.1,0.05,0.04,DF,0.13,0.09,-0.6000000000000001,1.8,2772.0,924.0,34.21052631578947,14,46
Matheus Cunha,BRA,Wolverhampton,"FW,MF",24.0,32,29,27.1,12.0,7.0,19.0,9.5,3.2,8.7,11.9,107.0,87.0,9.0,0.0,0.44,0.26,0.35,0.12,FW,0.7,0.47,2.5,3.8,203.25,348.42857142857144,34.21052631578947,14,46
Rayan Aït-Nouri,ALG,Wolverhampton,"DF,MF",22.0,33,29,25.9,2.0,1.0,3.0,3.3,2.4,3.3,5.699999999999999,67.0,99.0,7.0,0.0,0.08,0.04,0.13,0.09,DF,0.12,0.22,-1.2999999999999998,-1.4,1165.5,2331.0,34.21052631578947,14,46
Craig Dawson,ENG,Wolverhampton,DF,33.0,25,25,24.5,1.0,1.0,2.0,1.5,1.4,1.5,2.9,1.0,49.0,7.0,0.0,0.04,0.04,0.06,0.06,DF,0.08,0.12,-0.5,-0.3999999999999999,2205.0,2205.0,34.21052631578947,14,46
Hwang Hee-chan,KOR,Wolverhampton,"FW,MF",27.0,29,25,23.5,12.0,3.0,15.0,7.7,3.0,6.9,9.9,37.0,37.0,6.0,0.0,0.51,0.13,0.33,0.13,FW,0.64,0.46,4.3,0.0,176.25,705.0,34.21052631578947,14,46
Pablo Sarabia,ESP,Wolverhampton,"MF,FW",31.0,30,20,19.4,4.0,7.0,11.0,5.5,5.9,3.9,9.8,41.0,109.0,5.0,0.0,0.21,0.36,0.28,0.3,MF,0.57,0.5800000000000001,-1.5,1.0999999999999996,436.5,249.4285714285714,34.21052631578947,14,46
Pedro Neto,POR,Wolverhampton,"FW,MF",23.0,20,18,16.8,2.0,9.0,11.0,3.5,4.4,3.5,7.9,98.0,54.0,4.0,0.0,0.12,0.53,0.21,0.26,FW,0.65,0.47,-1.5,4.6,756.0,168.0,34.21052631578947,14,46
Tommy Doyle,ENG,Wolverhampton,MF,21.0,26,11,13.6,0.0,0.0,0.0,0.4,0.4,0.4,0.8,21.0,81.0,2.0,0.0,0.0,0.0,0.03,0.03,MF,0.0,0.06,-0.4,-0.4,0.0,0.0,34.21052631578947,14,46
Jean-Ricner Bellegarde,FRA,Wolverhampton,"MF,FW",25.0,22,10,10.6,2.0,1.0,3.0,1.6,1.0,1.6,2.6,30.0,39.0,0.0,1.0,0.19,0.09,0.15,0.09,MF,0.28,0.24,0.3999999999999999,0.0,477.0,954.0,34.21052631578947,14,46
Matt Doherty,IRL,Wolverhampton,"DF,MF",31.0,30,9,12.8,1.0,0.0,1.0,0.8,1.3,0.8,2.1,12.0,31.0,2.0,0.0,0.08,0.0,0.07,0.1,DF,0.08,0.17,0.1999999999999999,-1.3,1152.0,0.0,34.21052631578947,14,46
Santiago Bueno,URU,Wolverhampton,DF,24.0,12,9,9.1,0.0,0.0,0.0,0.0,0.1,0.0,0.1,3.0,11.0,1.0,0.0,0.0,0.0,0.0,0.01,DF,0.0,0.01,0.0,-0.1,0.0,0.0,34.21052631578947,14,46
Boubacar Traoré,MLI,Wolverhampton,MF,21.0,24,7,9.1,0.0,0.0,0.0,0.3,0.4,0.3,0.7,9.0,29.0,4.0,0.0,0.0,0.0,0.03,0.04,MF,0.0,0.07,-0.3,-0.4,0.0,0.0,34.21052631578947,14,46
Hugo Bueno,ESP,Wolverhampton,"DF,MF",20.0,22,7,8.2,0.0,0.0,0.0,0.3,0.8,0.3,1.1,22.0,8.0,1.0,0.0,0.0,0.0,0.03,0.09,DF,0.0,0.12,-0.3,-0.8,0.0,0.0,34.21052631578947,14,46
Daniel Bentley,ENG,Wolverhampton,GK,30.0,5,3,4.3,0.0,0.0,0.0,0.0,0.0,0.0,0.0,0.0,0.0,0.0,0.0,0.0,0.0,0.0,0.0,GK,0.0,0.0,0.0,0.0,0.0,0.0,34.21052631578947,14,46
Fábio Silva,POR,Wolverhampton,FW,21.0,8,3,2.9,0.0,0.0,0.0,1.0,0.2,1.0,1.2,5.0,10.0,2.0,0.0,0.0,0.0,0.35,0.07,FW,0.0,0.42,-1.0,-0.2,0.0,0.0,34.21052631578947,14,46
Matheus Nunes,POR,Wolverhampton,MF,24.0,2,2,2.0,0.0,0.0,0.0,0.1,0.1,0.1,0.2,7.0,8.0,2.0,1.0,0.0,0.0,0.04,0.05,MF,0.0,0.09,-0.1,-0.1,0.0,0.0,34.21052631578947,14,46
Leon Chiwome,ENG,Wolverhampton,FW,17.0,3,2,1.9,0.0,0.0,0.0,0.1,0.0,0.1,0.1,1.0,2.0,0.0,0.0,0.0,0.0,0.05,0.0,FW,0.0,0.05,-0.1,0.0,0.0,0.0,34.21052631578947,14,46
Nathan Fraser,IRL,Wolverhampton,FW,18.0,7,1,2.1,0.0,0.0,0.0,0.3,0.1,0.3,0.4,1.0,2.0,1.0,0.0,0.0,0.0,0.16,0.04,FW,0.0,0.2,-0.3,-0.1,0.0,0.0,34.21052631578947,14,46
Sasa Kalajdzic,AUT,Wolverhampton,FW,26.0,11,1,1.8,2.0,0.0,2.0,1.1,1.0,1.1,2.1,1.0,5.0,0.0,0.0,1.08,0.0,0.57,0.52,FW,1.08,1.09,0.8999999999999999,-1.0,81.0,0.0,34.21052631578947,14,46
Tawanda Chirewa,ZIM,Wolverhampton,"MF,FW",19.0,8,1,1.6,0.0,0.0,0.0,0.2,0.0,0.2,0.2,1.0,7.0,1.0,0.0,0.0,0.0,0.1,0.02,MF,0.0,0.12,-0.2,0.0,0.0,0.0,34.21052631578947,14,46
Mark Flekken,NED,Brentford,GK,30.0,37,37,36.5,0.0,1.0,1.0,0.0,0.5,0.0,0.5,0.0,5.0,3.0,0.0,0.0,0.03,0.0,0.01,GK,0.03,0.01,0.0,0.5,0.0,3285.0,26.31578947368421,16,39
Vitaly Janelt,GER,Brentford,"MF,DF",25.0,38,37,33.9,1.0,3.0,4.0,1.8,4.8,1.8,6.6,25.0,123.0,8.0,0.0,0.03,0.09,0.05,0.14,MF,0.12,0.19,-0.8,-1.7999999999999998,3051.0,1017.0,26.31578947368421,16,39
Christian Nørgaard,DEN,Brentford,MF,29.0,31,30,27.8,2.0,1.0,3.0,3.5,1.9,3.5,5.4,15.0,161.0,8.0,0.0,0.07,0.04,0.12,0.07,MF,0.11,0.19,-1.5,-0.8999999999999999,1251.0,2502.0,26.31578947368421,16,39
Nathan Collins,IRL,Brentford,DF,22.0,32,29,29.5,1.0,1.0,2.0,1.7,2.2,1.7,3.9,11.0,97.0,3.0,0.0,0.03,0.03,0.06,0.07,DF,0.06,0.13,-0.7,-1.2000000000000002,2655.0,2655.0,26.31578947368421,16,39
Yoane Wissa,COD,Brentford,FW,26.0,34,29,27.7,12.0,3.0,15.0,10.6,3.9,10.6,14.5,45.0,48.0,7.0,0.0,0.43,0.11,0.38,0.14,FW,0.54,0.52,1.4000000000000004,-0.8999999999999999,207.75,831.0,26.31578947368421,16,39
Ethan Pinnock,JAM,Brentford,DF,30.0,29,28,28.0,2.0,0.0,2.0,2.0,1.0,2.0,3.0,11.0,61.0,1.0,0.0,0.07,0.0,0.07,0.04,DF,0.07,0.11,0.0,-1.0,1260.0,0.0,26.31578947368421,16,39
Mathias Jensen,DEN,Brentford,MF,27.0,32,27,24.5,3.0,3.0,6.0,0.7,4.0,0.7,4.7,19.0,123.0,5.0,0.0,0.12,0.12,0.03,0.16,MF,0.24,0.19,2.3,-1.0,735.0,735.0,26.31578947368421,16,39
Mads Roerslev,DEN,Brentford,DF,24.0,34,22,22.1,1.0,2.0,3.0,0.9,1.8,0.9,2.7,18.0,43.0,1.0,0.0,0.05,0.09,0.04,0.08,DF,0.14,0.12,0.0999999999999999,0.1999999999999999,1989.0,994.5,26.31578947368421,16,39
Bryan Mbeumo,CMR,Brentford,FW,23.0,25,22,21.8,9.0,6.0,15.0,9.8,4.6,7.4,12.0,74.0,88.0,2.0,0.0,0.41,0.28,0.45,0.21,FW,0.69,0.66,-0.8000000000000007,1.4000000000000004,218.0,327.0,26.31578947368421,16,39
Kristoffer Ajer,NOR,Brentford,DF,25.0,28,21,20.4,2.0,1.0,3.0,1.3,2.3,1.3,3.6,22.0,61.0,5.0,0.0,0.1,0.05,0.06,0.11,DF,0.15,0.1699999999999999,0.7,-1.2999999999999998,918.0,1836.0,26.31578947368421,16,39
Ivan Toney,ENG,Brentford,FW,27.0,17,16,16.1,4.0,2.0,6.0,6.0,1.5,6.0,7.5,23.0,40.0,5.0,0.0,0.25,0.12,0.37,0.09,FW,0.37,0.4599999999999999,-2.0,0.5,362.25000000000006,724.5000000000001,26.31578947368421,16,39
Keane Lewis-Potter,ENG,Brentford,"FW,DF",22.0,30,15,16.0,3.0,1.0,4.0,6.3,1.7,6.3,8.0,56.0,32.0,0.0,0.0,0.19,0.06,0.39,0.11,FW,0.25,0.5,-3.3,-0.7,480.0,1440.0,26.31578947368421,16,39
Ben Mee,ENG,Brentford,DF,33.0,16,15,14.1,2.0,0.0,2.0,1.5,0.3,1.5,1.8,11.0,49.0,1.0,1.0,0.14,0.0,0.1,0.02,DF,0.14,0.12,0.5,-0.3,634.5,0.0,26.31578947368421,16,39
Sergio Reguilón,ESP,Brentford,DF,26.0,16,14,12.4,0.0,4.0,4.0,0.8,2.8,0.8,3.6,34.0,38.0,4.0,1.0,0.0,0.32,0.06,0.23,DF,0.32,0.29,-0.8,1.2000000000000002,0.0,279.0,26.31578947368421,16,39
Neal Maupay,FRA,Brentford,FW,26.0,29,13,14.7,6.0,3.0,9.0,5.7,2.3,5.7,8.0,21.0,37.0,8.0,0.0,0.41,0.2,0.39,0.16,FW,0.61,0.55,0.2999999999999998,0.7000000000000002,220.5,441.0,26.31578947368421,16,39
Mathias Jørgensen,DEN,Brentford,DF,33.0,14,12,12.1,1.0,0.0,1.0,0.7,0.9,0.7,1.6,5.0,50.0,4.0,0.0,0.08,0.0,0.06,0.08,DF,0.08,0.14,0.3,-0.9,1089.0,0.0,26.31578947368421,16,39
Frank Onyeka,NGA,Brentford,MF,25.0,26,11,12.9,1.0,2.0,3.0,2.2,1.8,2.2,4.0,17.0,33.0,8.0,0.0,0.08,0.16,0.17,0.14,MF,0.24,0.31,-1.2000000000000002,0.1999999999999999,1161.0,580.5,26.31578947368421,16,39
Aaron Hickey,SCO,Brentford,DF,21.0,9,9,7.9,0.0,0.0,0.0,0.2,0.1,0.2,0.3,9.0,21.0,5.0,0.0,0.0,0.0,0.03,0.01,DF,0.0,0.04,-0.2,-0.1,0.0,0.0,26.31578947368421,16,39
Mikkel Damsgaard,DEN,Brentford,MF,23.0,23,7,9.4,0.0,2.0,2.0,0.9,1.4,0.9,2.3,16.0,61.0,2.0,0.0,0.0,0.21,0.1,0.16,MF,0.21,0.26,-0.9,0.6000000000000001,0.0,423.0,26.31578947368421,16,39
Saman Ghoddos,IRN,Brentford,DF,29.0,19,7,8.2,1.0,0.0,1.0,0.3,1.1,0.3,1.4,22.0,36.0,5.0,0.0,0.12,0.0,0.04,0.13,DF,0.12,0.17,0.7,-1.1,737.9999999999999,0.0,26.31578947368421,16,39
Yehor Yarmoliuk,UKR,Brentford,MF,19.0,27,6,7.6,0.0,0.0,0.0,1.0,0.1,1.0,1.1,13.0,35.0,2.0,0.0,0.0,0.0,0.13,0.01,MF,0.0,0.14,-1.0,-0.1,0.0,0.0,26.31578947368421,16,39
Rico Henry,ENG,Brentford,DF,26.0,5,5,4.5,0.0,1.0,1.0,0.1,1.0,0.1,1.1,13.0,20.0,1.0,0.0,0.0,0.22,0.02,0.22,DF,0.22,0.24,-0.1,0.0,0.0,405.0,26.31578947368421,16,39
Kevin Schade,GER,Brentford,"FW,MF",21.0,11,3,3.7,2.0,1.0,3.0,1.2,0.7,1.2,1.9,8.0,9.0,0.0,0.0,0.54,0.27,0.32,0.19,FW,0.81,0.51,0.8,0.3,166.5,333.0,26.31578947368421,16,39
Shandon Baptiste,GRN,Brentford,MF,25.0,10,2,2.5,1.0,1.0,2.0,0.9,0.2,0.9,1.1,3.0,5.0,1.0,0.0,0.39,0.39,0.35,0.08,MF,0.78,0.43,0.0999999999999999,0.8,225.0,225.0,26.31578947368421,16,39
Thomas Strakosha,ALB,Brentford,GK,28.0,2,1,1.5,0.0,0.0,0.0,0.0,0.0,0.0,0.0,0.0,0.0,0.0,0.0,0.0,0.0,0.0,0.0,GK,0.0,0.0,0.0,0.0,0.0,0.0,26.31578947368421,16,39
Morgan Gibbs-White,ENG,Nottingham Forest,"MF,FW",23.0,37,35,35.1,5.0,10.0,15.0,6.9,8.4,6.1,14.5,80.0,170.0,9.0,0.0,0.14,0.29,0.2,0.24,MF,0.43,0.44,-1.9000000000000004,1.5999999999999996,631.8,315.9,23.684210526315788,17,32
Murillo,BRA,Nottingham Forest,DF,21.0,32,32,31.0,0.0,2.0,2.0,1.8,1.2,1.8,3.0,22.0,89.0,5.0,0.0,0.0,0.06,0.06,0.04,DF,0.06,0.1,-1.8,0.8,0.0,1395.0,23.684210526315788,17,32
Anthony Elanga,SWE,Nottingham Forest,"FW,MF",21.0,36,25,27.0,5.0,9.0,14.0,6.6,6.7,6.6,13.3,98.0,49.0,1.0,0.0,0.18,0.33,0.24,0.25,FW,0.51,0.49,-1.5999999999999996,2.3,486.0,270.0,23.684210526315788,17,32
Ryan Yates,ENG,Nottingham Forest,MF,25.0,35,21,22.1,1.0,1.0,2.0,2.6,0.8,2.6,3.4000000000000004,18.0,73.0,6.0,0.0,0.05,0.05,0.12,0.04,MF,0.1,0.16,-1.6,0.1999999999999999,1989.0,1989.0,23.684210526315788,17,32
Callum Hudson-Odoi,ENG,Nottingham Forest,"FW,MF",22.0,29,20,20.6,8.0,1.0,9.0,2.7,2.8,2.7,5.5,111.0,58.0,0.0,0.0,0.39,0.05,0.13,0.14,FW,0.44,0.27,5.3,-1.7999999999999998,231.75000000000003,1854.0,23.684210526315788,17,32
Chris Wood,NZL,Nottingham Forest,FW,31.0,31,20,20.1,14.0,1.0,15.0,11.9,2.1,11.9,14.0,16.0,30.0,0.0,0.0,0.7,0.05,0.59,0.1,FW,0.75,0.69,2.1,-1.1,129.21428571428572,1809.0,23.684210526315788,17,32
Danilo,BRA,Nottingham Forest,MF,22.0,29,20,19.9,2.0,2.0,4.0,1.8,1.5,1.8,3.3,22.0,83.0,4.0,0.0,0.1,0.1,0.09,0.08,MF,0.2,0.1699999999999999,0.1999999999999999,0.5,895.4999999999999,895.4999999999999,23.684210526315788,17,32
Ola Aina,NGA,Nottingham Forest,DF,26.0,22,20,18.8,1.0,1.0,2.0,0.3,0.9,0.3,1.2,53.0,68.0,3.0,0.0,0.05,0.05,0.01,0.05,DF,0.1,0.06,0.7,0.0999999999999999,1692.0,1692.0,23.684210526315788,17,32
Orel Mangala,BEL,Nottingham Forest,MF,25.0,20,19,17.4,1.0,0.0,1.0,0.8,0.2,0.8,1.0,13.0,45.0,6.0,0.0,0.06,0.0,0.05,0.01,MF,0.06,0.06,0.1999999999999999,-0.2,1565.9999999999998,0.0,23.684210526315788,17,32
Nicolás Domínguez,ARG,Nottingham Forest,"MF,FW",25.0,26,19,16.6,2.0,2.0,4.0,1.3,1.0,1.3,2.3,14.0,91.0,4.0,0.0,0.12,0.12,0.08,0.06,MF,0.24,0.14,0.7,1.0,747.0000000000001,747.0000000000001,23.684210526315788,17,32
Neco Williams,WAL,Nottingham Forest,DF,22.0,26,18,18.2,0.0,1.0,1.0,0.8,1.6,0.8,2.4000000000000004,48.0,47.0,4.0,0.0,0.0,0.05,0.04,0.09,DF,0.05,0.13,-0.8,-0.6000000000000001,0.0,1638.0,23.684210526315788,17,32
Willy Boly,CIV,Nottingham Forest,DF,32.0,20,18,16.0,2.0,1.0,3.0,1.5,1.3,1.5,2.8,4.0,32.0,3.0,1.0,0.13,0.06,0.09,0.08,DF,0.19,0.1699999999999999,0.5,-0.3,720.0,1440.0,23.684210526315788,17,32
Matt Turner,USA,Nottingham Forest,GK,29.0,17,17,17.0,0.0,0.0,0.0,0.0,0.0,0.0,0.0,0.0,0.0,2.0,0.0,0.0,0.0,0.0,0.0,GK,0.0,0.0,0.0,0.0,0.0,0.0,23.684210526315788,17,32
Matz Sels,BEL,Nottingham Forest,GK,31.0,16,16,16.0,0.0,0.0,0.0,0.0,0.1,0.0,0.1,0.0,0.0,1.0,0.0,0.0,0.0,0.0,0.0,GK,0.0,0.0,0.0,-0.1,0.0,0.0,23.684210526315788,17,32
Moussa Niakhate,SEN,Nottingham Forest,DF,27.0,21,15,16.2,1.0,0.0,1.0,1.1,0.1,1.1,1.2000000000000002,13.0,39.0,5.0,1.0,0.06,0.0,0.07,0.01,DF,0.06,0.08,-0.1,-0.1,1458.0,0.0,23.684210526315788,17,32
Harry Toffolo,ENG,Nottingham Forest,DF,27.0,23,15,16.2,1.0,3.0,4.0,1.6,1.5,1.6,3.1,10.0,42.0,3.0,0.0,0.06,0.19,0.1,0.1,DF,0.25,0.2,-0.6000000000000001,1.5,1458.0,486.0,23.684210526315788,17,32
Ibrahim Sangaré,CIV,Nottingham Forest,MF,25.0,17,13,11.5,0.0,0.0,0.0,0.6,0.4,0.6,1.0,5.0,44.0,6.0,0.0,0.0,0.0,0.06,0.03,MF,0.0,0.09,-0.6,-0.4,0.0,0.0,23.684210526315788,17,32
Taiwo Awoniyi,NGA,Nottingham Forest,FW,25.0,20,12,11.6,6.0,3.0,9.0,4.7,1.7,4.7,6.4,8.0,14.0,2.0,0.0,0.52,0.26,0.41,0.15,FW,0.78,0.5599999999999999,1.2999999999999998,1.3,174.0,348.0,23.684210526315788,17,32
Serge Aurier,CIV,Nottingham Forest,"DF,MF",30.0,12,10,9.3,0.0,2.0,2.0,0.2,0.5,0.2,0.7,10.0,47.0,2.0,0.0,0.0,0.22,0.02,0.05,DF,0.22,0.07,-0.2,1.5,0.0,418.50000000000006,23.684210526315788,17,32
Gonzalo Montiel,ARG,Nottingham Forest,DF,26.0,14,8,8.9,0.0,2.0,2.0,0.1,1.4,0.1,1.5,10.0,28.0,5.0,0.0,0.0,0.22,0.01,0.15,DF,0.22,0.16,-0.1,0.6000000000000001,0.0,400.5,23.684210526315788,17,32
Andrew Omobamidele,IRL,Nottingham Forest,DF,21.0,11,8,8.7,0.0,0.0,0.0,0.1,0.1,0.1,0.2,1.0,8.0,2.0,0.0,0.0,0.0,0.02,0.01,DF,0.0,0.03,-0.1,-0.1,0.0,0.0,23.684210526315788,17,32
Divock Origi,BEL,Nottingham Forest,FW,28.0,20,6,6.7,0.0,1.0,1.0,1.4,2.1,1.4,3.5,19.0,14.0,1.0,0.0,0.0,0.15,0.21,0.31,FW,0.15,0.52,-1.4,-1.1,0.0,603.0,23.684210526315788,17,32
Nuno Tavares,POR,Nottingham Forest,DF,23.0,8,5,5.1,0.0,0.0,0.0,0.2,0.5,0.2,0.7,14.0,24.0,2.0,0.0,0.0,0.0,0.03,0.1,DF,0.0,0.13,-0.2,-0.5,0.0,0.0,23.684210526315788,17,32
Odisseas Vlachodimos,GRE,Nottingham Forest,GK,29.0,5,5,5.0,0.0,0.0,0.0,0.0,0.0,0.0,0.0,0.0,1.0,0.0,0.0,0.0,0.0,0.0,0.01,GK,0.0,0.01,0.0,0.0,0.0,0.0,23.684210526315788,17,32
Joe Worrall,ENG,Nottingham Forest,DF,26.0,7,5,4.9,0.0,0.0,0.0,0.1,0.2,0.1,0.3,0.0,8.0,0.0,1.0,0.0,0.0,0.02,0.04,DF,0.0,0.06,-0.1,-0.2,0.0,0.0,23.684210526315788,17,32
Scott McKenna,SCO,Nottingham Forest,DF,26.0,5,5,4.6,0.0,0.0,0.0,0.2,0.2,0.2,0.4,1.0,10.0,0.0,0.0,0.0,0.0,0.05,0.04,DF,0.0,0.09,-0.2,-0.2,0.0,0.0,23.684210526315788,17,32
Felipe,BRA,Nottingham Forest,DF,34.0,7,4,4.2,0.0,0.0,0.0,0.1,0.1,0.1,0.2,1.0,6.0,4.0,0.0,0.0,0.0,0.03,0.01,DF,0.0,0.04,-0.1,-0.1,0.0,0.0,23.684210526315788,17,32
Brennan Johnson,WAL,Nottingham Forest,"FW,MF",22.0,3,3,2.6,0.0,0.0,0.0,0.3,0.2,0.3,0.5,8.0,1.0,0.0,0.0,0.0,0.0,0.12,0.08,FW,0.0,0.2,-0.3,-0.2,0.0,0.0,23.684210526315788,17,32
Gio Reyna,USA,Nottingham Forest,"FW,MF",20.0,9,2,2.6,0.0,1.0,1.0,0.3,0.5,0.3,0.8,3.0,12.0,0.0,0.0,0.0,0.38,0.11,0.18,FW,0.38,0.29,-0.3,0.5,0.0,234.0,23.684210526315788,17,32
Cheikhou Kouyaté,SEN,Nottingham Forest,MF,33.0,12,2,2.4,0.0,0.0,0.0,0.3,0.0,0.3,0.3,0.0,5.0,2.0,0.0,0.0,0.0,0.12,0.02,MF,0.0,0.1399999999999999,-0.3,0.0,0.0,0.0,23.684210526315788,17,32
Thomas Kaminski,BEL,Luton Town,GK,30.0,38,38,37.8,0.0,0.0,0.0,0.0,0.0,0.0,0.0,0.0,1.0,3.0,0.0,0.0,0.0,0.0,0.0,GK,0.0,0.0,0.0,0.0,0.0,0.0,15.789473684210526,18,26
Alfie Doughty,ENG,Luton Town,DF,23.0,37,34,32.5,2.0,8.0,10.0,1.3,6.3,1.3,7.6,94.0,106.0,5.0,0.0,0.06,0.25,0.04,0.19,DF,0.31,0.23,0.7,1.7000000000000002,1462.5,365.625,15.789473684210526,18,26
Carlton Morris,ENG,Luton Town,"FW,MF",27.0,38,32,31.8,11.0,4.0,15.0,11.4,2.8,7.5,10.3,37.0,56.0,4.0,0.0,0.35,0.13,0.36,0.09,FW,0.48,0.4499999999999999,-0.4000000000000003,1.2000000000000002,260.1818181818182,715.5,15.789473684210526,18,26
Ross Barkley,ENG,Luton Town,MF,29.0,32,30,29.1,5.0,4.0,9.0,4.1,3.7,4.1,7.8,48.0,163.0,6.0,0.0,0.17,0.14,0.14,0.13,MF,0.31,0.27,0.9000000000000004,0.2999999999999998,523.8,654.75,15.789473684210526,18,26
Teden Mengi,ENG,Luton Town,DF,21.0,30,28,27.4,1.0,0.0,1.0,0.6,0.3,0.6,0.8999999999999999,15.0,54.0,3.0,0.0,0.04,0.0,0.02,0.01,DF,0.04,0.03,0.4,-0.3,2466.0,0.0,15.789473684210526,18,26
Gabriel Osho,NGA,Luton Town,DF,24.0,21,21,20.5,2.0,0.0,2.0,1.1,0.1,1.1,1.2000000000000002,10.0,37.0,3.0,0.0,0.1,0.0,0.05,0.01,DF,0.1,0.06,0.8999999999999999,-0.1,922.5,0.0,15.789473684210526,18,26
Issa Kaboré,BFA,Luton Town,DF,22.0,24,21,19.2,0.0,2.0,2.0,0.2,2.1,0.2,2.3000000000000003,60.0,54.0,7.0,0.0,0.0,0.1,0.01,0.11,DF,0.1,0.12,-0.2,-0.1,0.0,864.0,15.789473684210526,18,26
Amari'i Bell,JAM,Luton Town,DF,29.0,21,21,19.1,0.0,0.0,0.0,0.3,0.5,0.3,0.8,32.0,76.0,0.0,0.0,0.0,0.0,0.01,0.02,DF,0.0,0.03,-0.3,-0.5,0.0,0.0,15.789473684210526,18,26
Chiedozie Ogbene,IRL,Luton Town,"MF,DF",26.0,30,20,22.2,4.0,1.0,5.0,4.2,3.1,4.2,7.300000000000001,127.0,53.0,1.0,0.0,0.18,0.05,0.19,0.14,MF,0.2299999999999999,0.33,-0.2000000000000001,-2.1,499.5,1998.0,15.789473684210526,18,26
Tahith Chong,NED,Luton Town,"MF,FW",23.0,33,20,22.0,4.0,0.0,4.0,2.7,0.5,2.7,3.2,57.0,72.0,4.0,0.0,0.18,0.0,0.12,0.02,MF,0.18,0.1399999999999999,1.2999999999999998,-0.5,495.0,0.0,15.789473684210526,18,26
Reece Burke,ENG,Luton Town,DF,26.0,22,20,18.4,0.0,4.0,4.0,1.3,1.4,1.3,2.7,11.0,67.0,5.0,0.0,0.0,0.22,0.07,0.07,DF,0.22,0.14,-1.3,2.6,0.0,414.0,15.789473684210526,18,26
Elijah Adebayo,ENG,Luton Town,FW,25.0,27,16,15.8,10.0,0.0,10.0,5.9,0.7,5.9,6.6000000000000005,16.0,23.0,1.0,0.0,0.63,0.0,0.37,0.04,FW,0.63,0.41,4.1,-0.7,142.2,0.0,15.789473684210526,18,26
Albert Sambi Lokonga,BEL,Luton Town,MF,23.0,17,16,14.5,1.0,3.0,4.0,0.6,1.4,0.6,2.0,29.0,72.0,4.0,0.0,0.07,0.21,0.04,0.1,MF,0.28,0.14,0.4,1.6,1305.0,435.0,15.789473684210526,18,26
Jordan Clark,ENG,Luton Town,MF,29.0,23,14,14.5,1.0,1.0,2.0,1.0,1.3,1.0,2.3,21.0,51.0,4.0,0.0,0.07,0.07,0.07,0.09,MF,0.14,0.16,0.0,-0.3,1305.0,1305.0,15.789473684210526,18,26
Andros Townsend,ENG,Luton Town,"MF,FW",32.0,27,14,13.4,1.0,3.0,4.0,1.2,1.3,1.2,2.5,47.0,35.0,1.0,0.0,0.07,0.22,0.09,0.1,MF,0.29,0.19,-0.1999999999999999,1.7,1206.0,402.0,15.789473684210526,18,26
Tom Lockyer,WAL,Luton Town,DF,28.0,14,14,13.0,1.0,1.0,2.0,1.1,0.6,1.1,1.7000000000000002,6.0,37.0,4.0,0.0,0.08,0.08,0.08,0.05,DF,0.16,0.13,-0.1,0.4,1170.0,1170.0,15.789473684210526,18,26
Marvelous Nakamba,ZIM,Luton Town,MF,29.0,13,13,12.6,0.0,0.0,0.0,0.2,0.4,0.2,0.6000000000000001,1.0,36.0,5.0,0.0,0.0,0.0,0.01,0.03,MF,0.0,0.04,-0.2,-0.4,0.0,0.0,15.789473684210526,18,26
Jacob Brown,SCO,Luton Town,"MF,FW",25.0,19,12,11.3,2.0,0.0,2.0,2.8,0.7,2.8,3.5,25.0,19.0,4.0,0.0,0.18,0.0,0.25,0.06,MF,0.18,0.31,-0.7999999999999998,-0.7,508.50000000000006,0.0,15.789473684210526,18,26
Pelly Ruddock Mpanzu,COD,Luton Town,MF,30.0,27,11,12.2,0.0,0.0,0.0,0.6,0.4,0.6,1.0,10.0,34.0,1.0,0.0,0.0,0.0,0.05,0.04,MF,0.0,0.09,-0.6,-0.4,0.0,0.0,15.789473684210526,18,26
Daiki Hashioka,JPN,Luton Town,DF,24.0,10,6,6.6,0.0,0.0,0.0,0.1,0.7,0.1,0.7999999999999999,3.0,21.0,0.0,0.0,0.0,0.0,0.02,0.1,DF,0.0,0.12,-0.1,-0.7,0.0,0.0,15.789473684210526,18,26
Ryan John Giles,ENG,Luton Town,"DF,MF",23.0,11,5,5.6,0.0,0.0,0.0,0.1,0.2,0.1,0.3,9.0,17.0,0.0,0.0,0.0,0.0,0.02,0.04,DF,0.0,0.06,-0.1,-0.2,0.0,0.0,15.789473684210526,18,26
Fred Onyedinma,ENG,Luton Town,"DF,MF",26.0,8,4,4.5,0.0,0.0,0.0,0.2,0.1,0.2,0.3,9.0,6.0,1.0,0.0,0.0,0.0,0.04,0.02,DF,0.0,0.06,-0.2,-0.1,0.0,0.0,15.789473684210526,18,26
Mads Juel Andersen,DEN,Luton Town,DF,25.0,8,4,4.4,1.0,0.0,1.0,0.3,0.0,0.3,0.3,0.0,7.0,1.0,0.0,0.23,0.0,0.06,0.0,DF,0.23,0.06,0.7,0.0,396.00000000000006,0.0,15.789473684210526,18,26
Cauley Woodrow,ENG,Luton Town,"FW,MF",28.0,24,2,4.7,1.0,1.0,2.0,1.4,1.2,1.4,2.6,7.0,6.0,2.0,0.0,0.21,0.21,0.3,0.25,FW,0.42,0.55,-0.3999999999999999,-0.1999999999999999,423.0,423.0,15.789473684210526,18,26
Luke Berry,ENG,Luton Town,"MF,DF",31.0,17,2,3.6,2.0,1.0,3.0,1.0,0.3,1.0,1.3,1.0,8.0,1.0,0.0,0.56,0.28,0.28,0.07,MF,0.8400000000000001,0.35,1.0,0.7,162.0,324.0,15.789473684210526,18,26
Sander Berge,NOR,Burnley,MF,25.0,37,34,33.4,1.0,2.0,3.0,1.9,2.4,1.9,4.3,64.0,164.0,10.0,1.0,0.03,0.06,0.06,0.07,MF,0.09,0.13,-0.8999999999999999,-0.3999999999999999,3006.0,1503.0,13.157894736842104,19,24
Dara O'Shea,IRL,Burnley,DF,24.0,33,32,32.1,3.0,4.0,7.0,0.7,2.0,0.7,2.7,32.0,122.0,5.0,1.0,0.09,0.12,0.02,0.06,DF,0.21,0.08,2.3,2.0,963.0,722.25,13.157894736842104,19,24
James Trafford,ENG,Burnley,GK,20.0,28,28,28.0,0.0,0.0,0.0,0.0,0.0,0.0,0.0,0.0,6.0,2.0,0.0,0.0,0.0,0.0,0.0,GK,0.0,0.0,0.0,0.0,0.0,0.0,13.157894736842104,19,24
Zeki Amdouni,SUI,Burnley,FW,22.0,34,27,21.7,5.0,1.0,6.0,5.8,1.4,5.0,6.4,63.0,49.0,2.0,0.0,0.23,0.05,0.27,0.07,FW,0.28,0.34,-0.7999999999999998,-0.3999999999999999,390.6,1953.0,13.157894736842104,19,24
Vitinho,BRA,Burnley,"DF,MF",24.0,32,26,25.7,0.0,2.0,2.0,1.6,1.3,1.6,2.9000000000000004,59.0,66.0,1.0,0.0,0.0,0.08,0.06,0.05,DF,0.08,0.11,-1.6,0.7,0.0,1156.5,13.157894736842104,19,24
Charlie Taylor,ENG,Burnley,DF,29.0,28,25,25.9,1.0,1.0,2.0,0.2,1.2,0.2,1.4,36.0,82.0,8.0,0.0,0.04,0.04,0.01,0.05,DF,0.08,0.06,0.8,-0.1999999999999999,2331.0,2331.0,13.157894736842104,19,24
Wilson Odobert,FRA,Burnley,"MF,FW",18.0,29,25,23.3,3.0,2.0,5.0,2.8,3.3,2.8,6.1,102.0,58.0,3.0,0.0,0.13,0.09,0.12,0.14,MF,0.22,0.26,0.2000000000000001,-1.2999999999999998,699.0,1048.5,13.157894736842104,19,24
Josh Brownhill,ENG,Burnley,MF,27.0,33,23,25.0,4.0,2.0,6.0,1.9,2.1,1.9,4.0,19.0,90.0,4.0,1.0,0.16,0.08,0.08,0.08,MF,0.24,0.16,2.1,-0.1,562.5,1125.0,13.157894736842104,19,24
Josh Cullen,IRL,Burnley,MF,27.0,25,23,22.9,2.0,3.0,5.0,0.6,1.8,0.6,2.4,22.0,123.0,9.0,0.0,0.09,0.13,0.03,0.08,MF,0.22,0.11,1.4,1.2,1030.5,687.0,13.157894736842104,19,24
Lyle Foster,RSA,Burnley,"FW,MF",22.0,24,22,21.1,5.0,3.0,8.0,4.5,1.9,4.5,6.4,55.0,37.0,0.0,1.0,0.24,0.14,0.21,0.09,FW,0.38,0.3,0.5,1.1,379.80000000000007,633.0000000000001,13.157894736842104,19,24
Jacob Bruun Larsen,DEN,Burnley,"MF,FW",24.0,32,16,13.9,6.0,0.0,6.0,5.0,1.5,4.2,5.7,61.0,38.0,1.0,0.0,0.43,0.0,0.36,0.1,MF,0.43,0.4599999999999999,1.0,-1.5,208.5,0.0,13.157894736842104,19,24
Maxime Estève,FRA,Burnley,DF,21.0,16,15,14.5,0.0,0.0,0.0,0.3,0.0,0.3,0.3,15.0,40.0,6.0,0.0,0.0,0.0,0.02,0.0,DF,0.0,0.02,-0.3,0.0,0.0,0.0,13.157894736842104,19,24
Lorenz Assignon,TOG,Burnley,DF,23.0,15,15,13.7,1.0,2.0,3.0,0.4,2.6,0.4,3.0,38.0,34.0,5.0,1.0,0.07,0.15,0.03,0.19,DF,0.22,0.22,0.6,-0.6000000000000001,1233.0,616.5,13.157894736842104,19,24
Jordan Beyer,GER,Burnley,DF,23.0,15,15,13.7,0.0,1.0,1.0,0.5,0.3,0.5,0.8,9.0,25.0,6.0,0.0,0.0,0.07,0.04,0.02,DF,0.07,0.06,-0.5,0.7,0.0,1233.0,13.157894736842104,19,24
Luca Koleosho,ITA,Burnley,"MF,FW",18.0,15,13,10.8,1.0,1.0,2.0,2.0,1.3,2.0,3.3,53.0,19.0,0.0,0.0,0.09,0.09,0.18,0.12,MF,0.18,0.3,-1.0,-0.3,972.0,972.0,13.157894736842104,19,24
Jóhann Berg Guðmundsson,ISL,Burnley,"MF,FW",32.0,26,12,13.2,1.0,3.0,4.0,1.9,2.7,1.9,4.6,13.0,59.0,2.0,0.0,0.08,0.23,0.14,0.2,MF,0.31,0.34,-0.8999999999999999,0.2999999999999998,1188.0,396.0,13.157894736842104,19,24
Ameen Al-Dakhil,BEL,Burnley,DF,21.0,13,12,11.7,1.0,0.0,1.0,1.3,0.1,1.3,1.4,7.0,35.0,1.0,0.0,0.09,0.0,0.11,0.01,DF,0.09,0.12,-0.3,-0.1,1053.0,0.0,13.157894736842104,19,24
Arijanet Muric,KVX,Burnley,GK,24.0,10,10,10.0,0.0,0.0,0.0,0.0,0.2,0.0,0.2,0.0,1.0,0.0,0.0,0.0,0.0,0.0,0.02,GK,0.0,0.02,0.0,-0.2,0.0,0.0,13.157894736842104,19,24
David Datro Fofana,CIV,Burnley,FW,20.0,15,10,9.8,4.0,1.0,5.0,4.5,1.8,4.5,6.3,21.0,15.0,1.0,0.0,0.41,0.1,0.46,0.19,FW,0.51,0.65,-0.5,-0.8,220.50000000000003,882.0000000000001,13.157894736842104,19,24
Connor Roberts,WAL,Burnley,DF,27.0,14,8,9.1,0.0,1.0,1.0,0.0,0.2,0.0,0.2,6.0,38.0,5.0,1.0,0.0,0.11,0.0,0.02,DF,0.11,0.02,0.0,0.8,0.0,819.0,13.157894736842104,19,24
Jay Rodriguez,ENG,Burnley,FW,34.0,21,7,9.1,2.0,1.0,3.0,3.5,0.2,2.7,2.9000000000000004,2.0,17.0,0.0,0.0,0.22,0.11,0.38,0.02,FW,0.33,0.4,-1.5,0.8,409.5,819.0,13.157894736842104,19,24
Hannes Delcroix,BEL,Burnley,DF,24.0,12,5,6.5,0.0,0.0,0.0,0.4,0.2,0.4,0.6000000000000001,2.0,18.0,2.0,0.0,0.0,0.0,0.05,0.03,DF,0.0,0.08,-0.4,-0.2,0.0,0.0,13.157894736842104,19,24
Aaron Ramsey,ENG,Burnley,"MF,FW",20.0,14,5,5.9,0.0,0.0,0.0,0.3,0.4,0.3,0.7,8.0,8.0,1.0,0.0,0.0,0.0,0.06,0.07,MF,0.0,0.13,-0.3,-0.4,0.0,0.0,13.157894736842104,19,24
Hjalmar Ekdal,SWE,Burnley,DF,24.0,8,5,4.9,0.0,0.0,0.0,0.1,0.1,0.1,0.2,5.0,11.0,2.0,0.0,0.0,0.0,0.01,0.01,DF,0.0,0.02,-0.1,-0.1,0.0,0.0,13.157894736842104,19,24
Mike Trésor,BEL,Burnley,"FW,MF",24.0,16,3,4.7,0.0,0.0,0.0,0.5,0.4,0.5,0.9,15.0,10.0,0.0,0.0,0.0,0.0,0.1,0.08,FW,0.0,0.18,-0.5,-0.4,0.0,0.0,13.157894736842104,19,24
Anass Zaroury,MAR,Burnley,"FW,MF",22.0,6,1,1.7,0.0,0.0,0.0,0.2,0.0,0.2,0.2,2.0,2.0,0.0,1.0,0.0,0.0,0.1,0.02,FW,0.0,0.12,-0.2,0.0,0.0,0.0,13.157894736842104,19,24
Benson Manuel,ANG,Burnley,"MF,FW",26.0,8,1,1.3,0.0,0.0,0.0,0.1,0.0,0.1,0.1,5.0,2.0,0.0,0.0,0.0,0.0,0.05,0.03,MF,0.0,0.08,-0.1,0.0,0.0,0.0,13.157894736842104,19,24
Nathan Redmond,ENG,Burnley,"FW,MF",29.0,12,0,1.6,0.0,0.0,0.0,0.0,0.3,0.0,0.3,7.0,8.0,1.0,0.0,0.0,0.0,0.0,0.19,FW,0.0,0.19,0.0,-0.3,0.0,0.0,13.157894736842104,19,24
Gustavo Hamer,NED,Sheffield United,MF,26.0,36,34,32.3,4.0,6.0,10.0,3.0,6.1,3.0,9.1,36.0,135.0,9.0,0.0,0.12,0.19,0.09,0.19,MF,0.31,0.28,1.0,-0.0999999999999996,726.7499999999999,484.5,7.894736842105263,20,16
Jayden Bogle,ENG,Sheffield United,DF,23.0,34,32,31.0,3.0,0.0,3.0,2.3,1.0,2.3,3.3,38.0,60.0,9.0,0.0,0.1,0.0,0.07,0.03,DF,0.1,0.1,0.7000000000000002,-1.0,930.0,0.0,7.894736842105263,20,16
Jack Robinson,ENG,Sheffield United,DF,29.0,34,31,32.1,1.0,1.0,2.0,1.2,1.2,1.2,2.4,8.0,63.0,10.0,0.0,0.03,0.03,0.04,0.04,DF,0.06,0.08,-0.1999999999999999,-0.1999999999999999,2889.0,2889.0,7.894736842105263,20,16
Vinicius Souza,BRA,Sheffield United,MF,24.0,36,29,29.6,1.0,0.0,1.0,0.6,0.2,0.6,0.8,7.0,66.0,3.0,0.0,0.03,0.0,0.02,0.01,MF,0.03,0.03,0.4,-0.2,2664.0,0.0,7.894736842105263,20,16
Anel Ahmedhodžić,BIH,Sheffield United,DF,24.0,31,29,29.4,2.0,0.0,2.0,3.1,0.8,3.1,3.9,15.0,43.0,11.0,1.0,0.07,0.0,0.11,0.03,DF,0.07,0.14,-1.1,-0.8,1323.0,0.0,7.894736842105263,20,16
Wes Foderingham,ENG,Sheffield United,GK,32.0,30,29,29.4,0.0,0.0,0.0,0.0,0.1,0.0,0.1,0.0,0.0,2.0,0.0,0.0,0.0,0.0,0.0,GK,0.0,0.0,0.0,-0.1,0.0,0.0,7.894736842105263,20,16
Auston Trusty,USA,Sheffield United,DF,24.0,32,28,28.6,0.0,0.0,0.0,0.4,1.1,0.4,1.5,10.0,40.0,4.0,0.0,0.0,0.0,0.01,0.04,DF,0.0,0.05,-0.4,-1.1,0.0,0.0,7.894736842105263,20,16
Cameron Archer,ENG,Sheffield United,"FW,MF",22.0,29,21,20.4,4.0,1.0,5.0,5.5,2.8,5.5,8.3,33.0,15.0,1.0,0.0,0.2,0.05,0.27,0.14,FW,0.25,0.41,-1.5,-1.7999999999999998,459.0,1836.0,7.894736842105263,20,16
James Mcatee,ENG,Sheffield United,"MF,FW",20.0,30,20,20.2,3.0,3.0,6.0,3.1,2.9,2.3,5.199999999999999,55.0,51.0,2.0,0.0,0.15,0.15,0.15,0.15,MF,0.3,0.3,-0.1,0.1,606.0,606.0,7.894736842105263,20,16
Oliver Norwood,NIR,Sheffield United,MF,32.0,27,16,16.0,1.0,0.0,1.0,1.1,0.6,0.3,0.8999999999999999,3.0,73.0,8.0,0.0,0.06,0.0,0.07,0.04,MF,0.06,0.11,-0.1,-0.6,1440.0,0.0,7.894736842105263,20,16
Oliver McBurnie,SCO,Sheffield United,FW,27.0,21,15,14.2,6.0,3.0,9.0,6.9,2.0,5.3,7.3,6.0,30.0,7.0,2.0,0.42,0.21,0.48,0.14,FW,0.63,0.62,-0.9000000000000004,1.0,213.0,426.0,7.894736842105263,20,16
Ben Osborn,ENG,Sheffield United,"DF,MF",28.0,24,14,15.2,0.0,2.0,2.0,0.2,0.9,0.2,1.1,16.0,55.0,3.0,0.0,0.0,0.13,0.01,0.06,DF,0.13,0.0699999999999999,-0.2,1.1,0.0,684.0,7.894736842105263,20,16
Ben Brereton,CHI,Sheffield United,"FW,MF",24.0,14,14,12.3,6.0,1.0,7.0,6.1,1.5,5.3,6.8,23.0,37.0,3.0,0.0,0.49,0.08,0.49,0.12,FW,0.57,0.61,-0.0999999999999996,-0.5,184.5,1107.0,7.894736842105263,20,16
Andre Brooks,ENG,Sheffield United,"MF,DF",19.0,20,12,10.4,0.0,0.0,0.0,0.4,0.1,0.4,0.5,12.0,18.0,1.0,0.0,0.0,0.0,0.04,0.01,MF,0.0,0.05,-0.4,-0.1,0.0,0.0,7.894736842105263,20,16
George Baldock,GRE,Sheffield United,DF,30.0,13,11,10.8,0.0,1.0,1.0,0.0,0.8,0.0,0.8,9.0,31.0,4.0,0.0,0.0,0.09,0.0,0.07,DF,0.09,0.07,0.0,0.1999999999999999,0.0,972.0,7.894736842105263,20,16
Oliver Arblaster,ENG,Sheffield United,MF,19.0,12,11,10.5,0.0,0.0,0.0,0.0,0.7,0.0,0.7,13.0,43.0,2.0,0.0,0.0,0.0,0.0,0.07,MF,0.0,0.07,0.0,-0.7,0.0,0.0,7.894736842105263,20,16
Luke Thomas,ENG,Sheffield United,DF,22.0,12,11,10.2,0.0,0.0,0.0,0.5,0.1,0.5,0.6,8.0,33.0,3.0,0.0,0.0,0.0,0.05,0.0,DF,0.0,0.05,-0.5,-0.1,0.0,0.0,7.894736842105263,20,16
William Osula,DEN,Sheffield United,FW,19.0,21,9,8.7,0.0,0.0,0.0,1.6,0.1,1.6,1.7000000000000002,7.0,2.0,4.0,0.0,0.0,0.0,0.19,0.01,FW,0.0,0.2,-1.6,-0.1,0.0,0.0,7.894736842105263,20,16
Ivo Grbić,CRO,Sheffield United,GK,27.0,9,9,8.6,0.0,0.0,0.0,0.0,0.0,0.0,0.0,0.0,0.0,1.0,0.0,0.0,0.0,0.0,0.0,GK,0.0,0.0,0.0,0.0,0.0,0.0,7.894736842105263,20,16
Mason Holgate,ENG,Sheffield United,DF,26.0,10,9,7.9,0.0,0.0,0.0,0.6,0.4,0.6,1.0,0.0,13.0,3.0,1.0,0.0,0.0,0.08,0.05,DF,0.0,0.13,-0.6,-0.4,0.0,0.0,7.894736842105263,20,16
Yasser Larouci,ALG,Sheffield United,DF,22.0,11,6,5.9,0.0,0.0,0.0,0.2,0.3,0.2,0.5,18.0,14.0,1.0,0.0,0.0,0.0,0.04,0.05,DF,0.0,0.09,-0.2,-0.3,0.0,0.0,7.894736842105263,20,16
John Egan,IRL,Sheffield United,DF,30.0,6,6,5.4,0.0,0.0,0.0,0.2,0.0,0.2,0.2,0.0,5.0,2.0,0.0,0.0,0.0,0.03,0.0,DF,0.0,0.03,-0.2,0.0,0.0,0.0,7.894736842105263,20,16
Max Lowe,ENG,Sheffield United,"DF,MF",26.0,10,4,5.6,0.0,0.0,0.0,0.6,0.7,0.6,1.2999999999999998,5.0,12.0,1.0,0.0,0.0,0.0,0.1,0.13,DF,0.0,0.23,-0.6,-0.7,0.0,0.0,7.894736842105263,20,16
Anis Ben Slimane,TUN,Sheffield United,MF,22.0,15,4,4.7,0.0,0.0,0.0,0.8,0.3,0.8,1.1,3.0,12.0,2.0,0.0,0.0,0.0,0.17,0.06,MF,0.0,0.23,-0.8,-0.3,0.0,0.0,7.894736842105263,20,16
Bénie Adama Traore,CIV,Sheffield United,"FW,MF",20.0,8,3,4.3,0.0,0.0,0.0,0.3,0.5,0.3,0.8,7.0,9.0,0.0,0.0,0.0,0.0,0.06,0.13,FW,0.0,0.19,-0.3,-0.5,0.0,0.0,7.894736842105263,20,16
Rhian Brewster,ENG,Sheffield United,"FW,MF",23.0,13,3,3.8,0.0,0.0,0.0,0.4,0.1,0.4,0.5,1.0,3.0,0.0,1.0,0.0,0.0,0.09,0.03,FW,0.0,0.12,-0.4,-0.1,0.0,0.0,7.894736842105263,20,16
Chris Basham,ENG,Sheffield United,"DF,MF",35.0,8,3,3.6,0.0,0.0,0.0,0.1,0.3,0.1,0.4,1.0,7.0,1.0,0.0,0.0,0.0,0.04,0.07,DF,0.0,0.11,-0.1,-0.3,0.0,0.0,7.894736842105263,20,16
Tom Davies,ENG,Sheffield United,MF,25.0,9,2,2.5,0.0,0.0,0.0,0.4,0.1,0.4,0.5,3.0,8.0,2.0,0.0,0.0,0.0,0.14,0.03,MF,0.0,0.17,-0.4,-0.1,0.0,0.0,7.894736842105263,20,16
Rhys Norrington-Davies,WAL,Sheffield United,DF,24.0,5,2,1.2,0.0,0.0,0.0,0.0,0.0,0.0,0.0,3.0,2.0,1.0,0.0,0.0,0.0,0.0,0.01,DF,0.0,0.01,0.0,0.0,0.0,0.0,7.894736842105263,20,16
John Fleck,SCO,Sheffield United,"MF,DF",31.0,4,1,1.0,0.0,0.0,0.0,0.0,0.4,0.0,0.4,2.0,3.0,1.0,0.0,0.0,0.0,0.0,0.44,MF,0.0,0.44,0.0,-0.4,0.0,0.0,7.894736842105263,20,16
